Season,TeamID,Win
2003,1102,16
2003,1103,14
2003,1104,11
2003,1105,19
2003,1106,16
2003,1107,21
2003,1108,22
2003,1110,14
2003,1111,10
2003,1112,3
2003,1113,9
2003,1114,13
2003,1115,17
2003,1116,19
2003,1117,15
2003,1119,19
2003,1120,13
2003,1122,7
2003,1123,16
2003,1124,15
2003,1125,10
2003,1126,22
2003,1127,15
2003,1128,8
2003,1129,16
2003,1130,11
2003,1131,12
2003,1132,17
2003,1133,19
2003,1135,10
2003,1137,17
2003,1138,21
2003,1139,7
2003,1140,11
2003,1141,12
2003,1142,14
2003,1143,6
2003,1144,20
2003,1145,21
2003,1147,13
2003,1148,12
2003,1149,12
2003,1150,15
2003,1151,10
2003,1152,25
2003,1153,12
2003,1154,15
2003,1155,14
2003,1156,20
2003,1157,13
2003,1158,10
2003,1159,15
2003,1160,15
2003,1161,11
2003,1162,21
2003,1163,10
2003,1164,19
2003,1165,20
2003,1166,7
2003,1168,18
2003,1169,15
2003,1170,17
2003,1171,19
2003,1172,11
2003,1173,7
2003,1174,14
2003,1175,10
2003,1176,16
2003,1177,13
2003,1178,13
2003,1179,14
2003,1180,14
2003,1181,12
2003,1182,17
2003,1183,15
2003,1184,14
2003,1185,13
2003,1186,10
2003,1187,9
2003,1189,14
2003,1190,15
2003,1191,16
2003,1192,12
2003,1193,11
2003,1194,20
2003,1196,14
2003,1197,13
2003,1198,15
2003,1199,16
2003,1200,23
2003,1201,11
2003,1202,13
2003,1203,18
2003,1204,7
2003,1205,18
2003,1206,17
2003,1207,14
2003,1208,15
2003,1209,20
2003,1210,17
2003,1211,8
2003,1212,15
2003,1214,15
2003,1216,12
2003,1217,15
2003,1218,15
2003,1219,11
2003,1220,20
2003,1221,19
2003,1222,17
2003,1224,11
2003,1225,14
2003,1226,17
2003,1227,9
2003,1228,10
2003,1229,15
2003,1231,15
2003,1232,17
2003,1233,12
2003,1234,13
2003,1235,17
2003,1236,18
2003,1237,14
2003,1238,16
2003,1239,17
2003,1240,17
2003,1241,17
2003,1242,11
2003,1243,13
2003,1245,14
2003,1246,16
2003,1247,21
2003,1248,11
2003,1249,14
2003,1250,11
2003,1251,16
2003,1252,10
2003,1253,16
2003,1254,13
2003,1256,14
2003,1257,16
2003,1258,20
2003,1259,17
2003,1260,13
2003,1261,13
2003,1263,17
2003,1264,13
2003,1265,19
2003,1266,15
2003,1267,14
2003,1268,16
2003,1269,15
2003,1270,14
2003,1271,13
2003,1272,14
2003,1273,13
2003,1274,12
2003,1275,15
2003,1276,11
2003,1277,17
2003,1278,15
2003,1279,15
2003,1280,17
2003,1281,17
2003,1282,14
2003,1283,22
2003,1284,17
2003,1285,16
2003,1286,12
2003,1287,8
2003,1288,11
2003,1289,9
2003,1290,18
2003,1291,17
2003,1292,17
2003,1293,12
2003,1296,15
2003,1298,8
2003,1299,9
2003,1301,15
2003,1304,15
2003,1305,15
2003,1306,12
2003,1307,15
2003,1308,16
2003,1309,12
2003,1310,16
2003,1311,18
2003,1313,16
2003,1314,13
2003,1317,11
2003,1318,20
2003,1319,11
2003,1320,13
2003,1321,15
2003,1322,14
2003,1323,18
2003,1324,13
2003,1325,14
2003,1326,13
2003,1328,17
2003,1329,15
2003,1330,11
2003,1331,13
2003,1332,10
2003,1333,8
2003,1334,12
2003,1335,16
2003,1336,10
2003,1337,16
2003,1338,14
2003,1339,13
2003,1340,8
2003,1341,16
2003,1343,14
2003,1344,12
2003,1345,16
2003,1346,15
2003,1347,12
2003,1348,20
2003,1349,16
2003,1350,17
2003,1351,13
2003,1352,10
2003,1353,18
2003,1354,22
2003,1356,21
2003,1357,14
2003,1358,15
2003,1359,16
2003,1360,12
2003,1361,16
2003,1362,13
2003,1363,9
2003,1364,14
2003,1365,11
2003,1366,9
2003,1368,15
2003,1369,9
2003,1371,15
2003,1372,16
2003,1373,19
2003,1374,17
2003,1375,13
2003,1376,9
2003,1378,16
2003,1379,14
2003,1380,11
2003,1381,13
2003,1382,17
2003,1383,19
2003,1384,15
2003,1385,16
2003,1386,21
2003,1387,15
2003,1388,15
2003,1389,11
2003,1390,14
2003,1391,10
2003,1392,13
2003,1393,20
2003,1394,9
2003,1395,14
2003,1396,18
2003,1397,14
2003,1398,6
2003,1399,15
2003,1400,18
2003,1401,13
2003,1402,13
2003,1403,17
2003,1404,10
2003,1405,15
2003,1406,12
2003,1407,24
2003,1408,15
2003,1409,17
2003,1410,7
2003,1411,19
2003,1412,19
2003,1414,17
2003,1415,6
2003,1416,20
2003,1417,8
2003,1418,20
2003,1419,13
2003,1420,9
2003,1421,13
2003,1422,8
2003,1423,18
2003,1424,24
2003,1425,13
2003,1426,13
2003,1427,9
2003,1428,20
2003,1429,20
2003,1431,5
2003,1433,20
2003,1434,19
2003,1435,11
2003,1436,19
2003,1437,16
2003,1438,14
2003,1439,14
2003,1440,11
2003,1441,6
2003,1442,6
2003,1443,23
2003,1444,19
2003,1447,21
2003,1448,22
2003,1449,9
2003,1450,7
2003,1451,24
2003,1452,13
2003,1453,11
2003,1454,20
2003,1455,18
2003,1456,12
2003,1457,18
2003,1458,22
2003,1459,10
2003,1460,9
2003,1461,19
2003,1462,25
2003,1463,13
2003,1464,7
2004,1102,6
2004,1103,15
2004,1104,12
2004,1105,16
2004,1106,15
2004,1107,23
2004,1108,17
2004,1110,13
2004,1111,21
2004,1112,9
2004,1113,15
2004,1114,12
2004,1115,21
2004,1116,14
2004,1117,11
2004,1119,17
2004,1120,13
2004,1122,8
2004,1123,17
2004,1124,20
2004,1125,10
2004,1126,21
2004,1127,18
2004,1128,8
2004,1129,9
2004,1130,10
2004,1131,8
2004,1132,15
2004,1133,16
2004,1135,13
2004,1137,17
2004,1138,16
2004,1139,12
2004,1140,9
2004,1141,19
2004,1142,16
2004,1143,16
2004,1144,22
2004,1145,20
2004,1147,12
2004,1148,13
2004,1149,18
2004,1150,8
2004,1151,10
2004,1152,21
2004,1153,7
2004,1154,20
2004,1155,18
2004,1156,21
2004,1157,18
2004,1158,16
2004,1159,9
2004,1160,13
2004,1161,11
2004,1162,15
2004,1163,9
2004,1164,15
2004,1165,17
2004,1166,12
2004,1168,16
2004,1169,19
2004,1170,15
2004,1171,17
2004,1172,13
2004,1173,8
2004,1174,13
2004,1175,14
2004,1176,15
2004,1177,9
2004,1178,16
2004,1179,19
2004,1180,11
2004,1181,9
2004,1182,14
2004,1183,18
2004,1184,13
2004,1185,18
2004,1186,14
2004,1187,12
2004,1189,17
2004,1190,12
2004,1191,18
2004,1192,14
2004,1193,12
2004,1194,19
2004,1196,16
2004,1197,11
2004,1198,14
2004,1199,12
2004,1200,21
2004,1201,12
2004,1202,10
2004,1203,15
2004,1204,12
2004,1205,18
2004,1206,12
2004,1207,16
2004,1208,17
2004,1209,16
2004,1210,12
2004,1211,6
2004,1212,16
2004,1214,14
2004,1216,15
2004,1217,16
2004,1218,9
2004,1219,12
2004,1220,13
2004,1221,17
2004,1222,16
2004,1224,10
2004,1225,17
2004,1226,17
2004,1227,14
2004,1228,8
2004,1229,14
2004,1231,14
2004,1232,16
2004,1233,16
2004,1234,14
2004,1235,14
2004,1236,21
2004,1237,14
2004,1238,18
2004,1239,12
2004,1240,15
2004,1241,15
2004,1242,13
2004,1243,13
2004,1245,17
2004,1246,12
2004,1247,18
2004,1248,17
2004,1249,14
2004,1250,16
2004,1251,19
2004,1252,13
2004,1253,15
2004,1254,16
2004,1256,16
2004,1257,12
2004,1258,18
2004,1259,17
2004,1260,16
2004,1261,13
2004,1263,14
2004,1264,15
2004,1265,14
2004,1266,15
2004,1267,15
2004,1268,13
2004,1269,13
2004,1270,13
2004,1271,12
2004,1272,11
2004,1273,15
2004,1274,13
2004,1275,18
2004,1276,13
2004,1277,14
2004,1278,17
2004,1279,14
2004,1280,14
2004,1281,12
2004,1282,14
2004,1283,19
2004,1284,15
2004,1285,15
2004,1286,9
2004,1287,12
2004,1288,16
2004,1290,16
2004,1291,11
2004,1292,17
2004,1293,14
2004,1296,13
2004,1298,8
2004,1299,10
2004,1301,15
2004,1304,15
2004,1305,13
2004,1306,17
2004,1307,15
2004,1308,15
2004,1309,12
2004,1310,15
2004,1311,16
2004,1313,11
2004,1314,16
2004,1317,14
2004,1318,15
2004,1319,14
2004,1320,17
2004,1321,12
2004,1322,17
2004,1323,13
2004,1324,14
2004,1325,15
2004,1326,15
2004,1328,16
2004,1329,14
2004,1330,16
2004,1331,8
2004,1332,11
2004,1333,15
2004,1334,18
2004,1335,21
2004,1336,12
2004,1337,15
2004,1338,18
2004,1339,15
2004,1340,13
2004,1341,10
2004,1343,18
2004,1344,16
2004,1345,15
2004,1346,13
2004,1347,12
2004,1348,22
2004,1349,15
2004,1350,18
2004,1351,20
2004,1352,12
2004,1353,17
2004,1354,18
2004,1356,19
2004,1357,14
2004,1358,13
2004,1359,6
2004,1360,12
2004,1361,19
2004,1362,18
2004,1363,12
2004,1364,16
2004,1365,16
2004,1366,10
2004,1368,13
2004,1369,10
2004,1371,16
2004,1372,16
2004,1373,18
2004,1374,10
2004,1375,11
2004,1376,21
2004,1378,9
2004,1379,13
2004,1380,12
2004,1381,10
2004,1382,14
2004,1383,18
2004,1384,13
2004,1385,9
2004,1386,24
2004,1387,18
2004,1388,17
2004,1389,16
2004,1390,19
2004,1391,14
2004,1392,12
2004,1393,17
2004,1394,11
2004,1395,16
2004,1396,17
2004,1397,10
2004,1398,9
2004,1399,10
2004,1400,16
2004,1401,7
2004,1402,12
2004,1403,20
2004,1404,9
2004,1405,19
2004,1406,13
2004,1407,24
2004,1408,10
2004,1409,12
2004,1410,12
2004,1411,13
2004,1412,20
2004,1414,12
2004,1415,14
2004,1416,24
2004,1417,11
2004,1418,17
2004,1419,9
2004,1420,9
2004,1421,8
2004,1422,11
2004,1423,15
2004,1424,16
2004,1425,16
2004,1426,13
2004,1427,15
2004,1428,21
2004,1429,23
2004,1431,22
2004,1433,20
2004,1434,16
2004,1435,20
2004,1436,22
2004,1437,14
2004,1438,14
2004,1439,10
2004,1440,5
2004,1441,8
2004,1442,5
2004,1443,13
2004,1444,25
2004,1447,12
2004,1448,18
2004,1449,18
2004,1450,12
2004,1451,12
2004,1452,15
2004,1453,15
2004,1454,17
2004,1455,20
2004,1456,7
2004,1457,15
2004,1458,24
2004,1459,6
2004,1460,12
2004,1461,11
2004,1462,23
2004,1463,11
2004,1464,7
2005,1102,12
2005,1103,10
2005,1104,7
2005,1105,13
2005,1106,11
2005,1107,15
2005,1108,19
2005,1110,12
2005,1111,12
2005,1112,6
2005,1113,11
2005,1114,10
2005,1115,20
2005,1116,10
2005,1117,13
2005,1119,21
2005,1120,15
2005,1122,19
2005,1123,12
2005,1124,20
2005,1125,15
2005,1126,17
2005,1127,18
2005,1128,16
2005,1129,18
2005,1130,4
2005,1131,9
2005,1132,12
2005,1133,14
2005,1135,17
2005,1137,12
2005,1138,9
2005,1139,15
2005,1140,20
2005,1141,15
2005,1142,22
2005,1143,14
2005,1144,23
2005,1145,17
2005,1147,23
2005,1148,16
2005,1149,15
2005,1150,7
2005,1151,12
2005,1152,18
2005,1153,7
2005,1154,13
2005,1155,16
2005,1156,17
2005,1157,18
2005,1158,11
2005,1159,13
2005,1160,17
2005,1161,13
2005,1162,15
2005,1163,8
2005,1164,17
2005,1165,15
2005,1166,15
2005,1168,13
2005,1169,12
2005,1170,16
2005,1171,17
2005,1172,13
2005,1173,13
2005,1174,18
2005,1175,12
2005,1176,12
2005,1177,10
2005,1178,12
2005,1179,16
2005,1180,12
2005,1181,7
2005,1182,20
2005,1183,15
2005,1184,14
2005,1185,15
2005,1186,17
2005,1187,16
2005,1189,18
2005,1190,10
2005,1191,16
2005,1192,11
2005,1193,18
2005,1194,18
2005,1196,13
2005,1197,13
2005,1198,20
2005,1199,16
2005,1200,14
2005,1201,14
2005,1202,12
2005,1203,15
2005,1204,15
2005,1205,17
2005,1206,12
2005,1207,11
2005,1208,19
2005,1209,15
2005,1210,17
2005,1211,6
2005,1212,14
2005,1214,9
2005,1216,15
2005,1217,15
2005,1218,14
2005,1219,16
2005,1220,13
2005,1221,16
2005,1222,13
2005,1224,14
2005,1225,19
2005,1226,16
2005,1227,13
2005,1228,8
2005,1229,14
2005,1231,12
2005,1232,17
2005,1233,8
2005,1234,13
2005,1235,15
2005,1236,17
2005,1237,14
2005,1238,16
2005,1239,16
2005,1240,14
2005,1241,10
2005,1242,10
2005,1243,13
2005,1245,20
2005,1246,13
2005,1247,12
2005,1248,14
2005,1249,12
2005,1250,14
2005,1251,19
2005,1252,12
2005,1253,19
2005,1254,8
2005,1255,21
2005,1256,16
2005,1257,11
2005,1258,18
2005,1259,18
2005,1260,14
2005,1261,12
2005,1263,11
2005,1264,13
2005,1265,13
2005,1266,14
2005,1267,16
2005,1268,16
2005,1269,16
2005,1270,11
2005,1271,13
2005,1272,17
2005,1273,12
2005,1274,18
2005,1275,13
2005,1276,18
2005,1277,7
2005,1278,13
2005,1279,8
2005,1280,15
2005,1281,15
2005,1282,12
2005,1283,18
2005,1284,16
2005,1285,17
2005,1286,16
2005,1287,12
2005,1288,17
2005,1290,13
2005,1291,11
2005,1292,18
2005,1293,17
2005,1294,14
2005,1296,13
2005,1298,12
2005,1299,16
2005,1301,22
2005,1304,13
2005,1305,14
2005,1306,13
2005,1307,14
2005,1308,17
2005,1309,14
2005,1310,13
2005,1311,15
2005,1313,14
2005,1314,21
2005,1317,14
2005,1318,20
2005,1319,11
2005,1320,15
2005,1321,13
2005,1322,13
2005,1323,16
2005,1324,17
2005,1325,19
2005,1326,14
2005,1328,19
2005,1329,13
2005,1330,16
2005,1331,16
2005,1332,13
2005,1333,14
2005,1334,15
2005,1335,21
2005,1336,9
2005,1337,15
2005,1338,15
2005,1339,18
2005,1340,17
2005,1341,11
2005,1343,16
2005,1344,18
2005,1345,10
2005,1346,10
2005,1347,15
2005,1348,10
2005,1349,17
2005,1350,18
2005,1351,16
2005,1352,9
2005,1353,14
2005,1354,19
2005,1356,19
2005,1357,11
2005,1358,13
2005,1359,14
2005,1360,17
2005,1361,15
2005,1362,18
2005,1363,12
2005,1364,14
2005,1365,14
2005,1366,3
2005,1368,11
2005,1369,12
2005,1371,12
2005,1372,10
2005,1373,10
2005,1374,15
2005,1375,13
2005,1376,10
2005,1378,13
2005,1379,10
2005,1380,13
2005,1381,13
2005,1382,9
2005,1383,14
2005,1384,13
2005,1385,11
2005,1386,15
2005,1387,8
2005,1388,22
2005,1389,14
2005,1390,16
2005,1391,13
2005,1392,14
2005,1393,24
2005,1394,12
2005,1395,13
2005,1396,15
2005,1397,15
2005,1398,15
2005,1399,16
2005,1400,16
2005,1401,16
2005,1402,7
2005,1403,18
2005,1404,4
2005,1405,16
2005,1406,11
2005,1407,14
2005,1408,8
2005,1409,11
2005,1410,10
2005,1411,10
2005,1412,21
2005,1413,13
2005,1414,19
2005,1415,10
2005,1416,20
2005,1417,13
2005,1418,19
2005,1419,8
2005,1420,14
2005,1421,9
2005,1422,12
2005,1423,18
2005,1424,15
2005,1425,15
2005,1426,12
2005,1427,13
2005,1428,24
2005,1429,23
2005,1430,15
2005,1431,25
2005,1433,18
2005,1434,14
2005,1435,18
2005,1436,24
2005,1437,22
2005,1438,15
2005,1439,17
2005,1440,9
2005,1441,5
2005,1442,9
2005,1443,20
2005,1444,18
2005,1447,13
2005,1448,25
2005,1449,24
2005,1450,13
2005,1451,15
2005,1452,21
2005,1453,15
2005,1454,19
2005,1455,20
2005,1456,8
2005,1457,24
2005,1458,22
2005,1459,10
2005,1460,13
2005,1461,15
2005,1462,17
2005,1463,11
2005,1464,3
2006,1102,6
2006,1103,9
2006,1104,12
2006,1105,12
2006,1106,19
2006,1107,10
2006,1108,18
2006,1110,17
2006,1111,16
2006,1112,12
2006,1113,16
2006,1114,15
2006,1115,17
2006,1116,9
2006,1117,21
2006,1119,20
2006,1120,12
2006,1122,15
2006,1123,17
2006,1124,13
2006,1125,10
2006,1126,15
2006,1127,11
2006,1128,9
2006,1129,14
2006,1130,7
2006,1131,12
2006,1132,17
2006,1133,11
2006,1135,17
2006,1137,11
2006,1138,15
2006,1139,15
2006,1140,9
2006,1141,20
2006,1142,19
2006,1143,11
2006,1144,15
2006,1145,19
2006,1147,23
2006,1148,14
2006,1149,14
2006,1150,12
2006,1151,16
2006,1152,20
2006,1153,12
2006,1154,19
2006,1155,14
2006,1156,15
2006,1157,13
2006,1158,13
2006,1159,17
2006,1160,12
2006,1161,13
2006,1162,15
2006,1163,7
2006,1164,15
2006,1165,15
2006,1166,8
2006,1168,12
2006,1169,13
2006,1170,15
2006,1171,19
2006,1172,15
2006,1173,15
2006,1174,22
2006,1175,11
2006,1176,11
2006,1177,15
2006,1178,18
2006,1179,17
2006,1180,16
2006,1181,10
2006,1182,19
2006,1183,19
2006,1184,19
2006,1185,19
2006,1186,14
2006,1187,20
2006,1189,15
2006,1190,12
2006,1191,15
2006,1192,10
2006,1193,18
2006,1194,13
2006,1196,9
2006,1197,13
2006,1198,15
2006,1199,10
2006,1200,19
2006,1201,13
2006,1202,14
2006,1203,9
2006,1204,14
2006,1205,13
2006,1206,10
2006,1207,13
2006,1208,15
2006,1209,17
2006,1210,14
2006,1211,3
2006,1212,11
2006,1214,12
2006,1216,12
2006,1217,15
2006,1218,12
2006,1219,12
2006,1220,17
2006,1221,15
2006,1222,12
2006,1224,12
2006,1225,19
2006,1226,12
2006,1227,11
2006,1228,9
2006,1229,14
2006,1231,14
2006,1232,16
2006,1233,15
2006,1234,14
2006,1235,15
2006,1236,17
2006,1237,11
2006,1238,16
2006,1239,10
2006,1240,13
2006,1241,18
2006,1242,12
2006,1243,17
2006,1244,12
2006,1245,17
2006,1246,14
2006,1247,13
2006,1248,13
2006,1249,11
2006,1250,19
2006,1251,15
2006,1252,15
2006,1253,18
2006,1254,11
2006,1255,21
2006,1256,21
2006,1257,16
2006,1258,14
2006,1259,15
2006,1260,20
2006,1261,9
2006,1263,8
2006,1264,15
2006,1265,16
2006,1266,13
2006,1267,15
2006,1268,13
2006,1269,12
2006,1270,13
2006,1271,12
2006,1272,12
2006,1273,6
2006,1274,12
2006,1275,17
2006,1276,15
2006,1277,15
2006,1278,14
2006,1279,9
2006,1280,18
2006,1281,10
2006,1282,15
2006,1283,19
2006,1284,17
2006,1285,13
2006,1286,14
2006,1287,12
2006,1288,15
2006,1290,11
2006,1291,13
2006,1292,11
2006,1293,15
2006,1294,16
2006,1295,11
2006,1296,14
2006,1298,11
2006,1299,14
2006,1301,17
2006,1304,17
2006,1305,16
2006,1306,12
2006,1307,15
2006,1308,15
2006,1309,15
2006,1310,18
2006,1311,13
2006,1313,17
2006,1314,16
2006,1316,7
2006,1317,11
2006,1318,17
2006,1319,15
2006,1320,18
2006,1321,17
2006,1322,10
2006,1323,13
2006,1324,11
2006,1325,14
2006,1326,17
2006,1328,11
2006,1329,12
2006,1330,18
2006,1331,17
2006,1332,15
2006,1333,17
2006,1334,15
2006,1335,19
2006,1336,16
2006,1337,14
2006,1338,15
2006,1339,18
2006,1340,8
2006,1341,10
2006,1343,14
2006,1344,10
2006,1345,6
2006,1346,14
2006,1347,17
2006,1348,17
2006,1349,14
2006,1350,17
2006,1351,14
2006,1352,13
2006,1353,14
2006,1354,15
2006,1355,9
2006,1356,21
2006,1357,8
2006,1358,6
2006,1359,13
2006,1360,14
2006,1361,12
2006,1362,13
2006,1363,13
2006,1364,11
2006,1365,14
2006,1366,8
2006,1368,7
2006,1369,10
2006,1371,13
2006,1372,12
2006,1373,15
2006,1374,17
2006,1375,18
2006,1376,14
2006,1378,12
2006,1379,9
2006,1380,21
2006,1381,10
2006,1382,13
2006,1383,9
2006,1384,1
2006,1385,15
2006,1386,16
2006,1387,14
2006,1388,14
2006,1389,16
2006,1390,18
2006,1391,15
2006,1392,7
2006,1393,20
2006,1394,11
2006,1395,11
2006,1396,18
2006,1397,17
2006,1398,10
2006,1399,16
2006,1400,17
2006,1401,17
2006,1402,5
2006,1403,15
2006,1404,11
2006,1405,18
2006,1406,12
2006,1407,10
2006,1408,16
2006,1409,13
2006,1410,7
2006,1411,8
2006,1412,22
2006,1413,7
2006,1414,15
2006,1415,7
2006,1416,12
2006,1417,27
2006,1418,14
2006,1419,7
2006,1420,11
2006,1421,11
2006,1422,14
2006,1423,21
2006,1424,13
2006,1425,17
2006,1426,11
2006,1427,9
2006,1428,11
2006,1429,21
2006,1430,13
2006,1431,18
2006,1433,16
2006,1434,14
2006,1435,17
2006,1436,12
2006,1437,26
2006,1438,12
2006,1439,11
2006,1440,6
2006,1441,11
2006,1442,5
2006,1443,22
2006,1444,13
2006,1447,11
2006,1448,16
2006,1449,25
2006,1450,10
2006,1451,9
2006,1452,18
2006,1453,15
2006,1454,18
2006,1455,23
2006,1456,8
2006,1457,21
2006,1458,19
2006,1459,7
2006,1460,10
2006,1461,13
2006,1462,21
2006,1463,15
2006,1464,6
2007,1102,8
2007,1103,7
2007,1104,11
2007,1105,20
2007,1106,19
2007,1107,9
2007,1108,23
2007,1110,14
2007,1111,7
2007,1112,10
2007,1113,20
2007,1114,18
2007,1115,18
2007,1116,15
2007,1117,17
2007,1119,16
2007,1120,17
2007,1122,9
2007,1123,21
2007,1124,17
2007,1125,10
2007,1126,21
2007,1127,16
2007,1129,15
2007,1130,11
2007,1131,18
2007,1132,17
2007,1133,12
2007,1135,16
2007,1137,13
2007,1138,16
2007,1139,7
2007,1140,9
2007,1141,19
2007,1142,11
2007,1143,15
2007,1144,15
2007,1145,18
2007,1146,22
2007,1147,21
2007,1148,11
2007,1149,21
2007,1150,16
2007,1151,17
2007,1152,18
2007,1153,20
2007,1154,18
2007,1155,13
2007,1156,16
2007,1157,15
2007,1158,14
2007,1159,15
2007,1160,18
2007,1161,14
2007,1162,12
2007,1163,16
2007,1164,20
2007,1165,15
2007,1166,13
2007,1168,10
2007,1169,11
2007,1170,17
2007,1171,14
2007,1172,14
2007,1173,15
2007,1174,23
2007,1175,17
2007,1176,20
2007,1177,16
2007,1178,18
2007,1179,11
2007,1180,11
2007,1181,17
2007,1182,19
2007,1183,18
2007,1184,12
2007,1185,22
2007,1186,16
2007,1187,24
2007,1189,16
2007,1190,9
2007,1191,14
2007,1192,15
2007,1193,19
2007,1194,14
2007,1196,10
2007,1197,15
2007,1198,16
2007,1199,12
2007,1200,11
2007,1201,11
2007,1202,16
2007,1203,13
2007,1204,10
2007,1205,15
2007,1206,15
2007,1207,11
2007,1208,13
2007,1209,18
2007,1210,19
2007,1211,9
2007,1212,15
2007,1214,18
2007,1216,11
2007,1217,16
2007,1218,16
2007,1219,14
2007,1220,9
2007,1221,17
2007,1222,16
2007,1224,15
2007,1225,21
2007,1226,18
2007,1227,19
2007,1228,17
2007,1229,17
2007,1231,11
2007,1232,13
2007,1233,23
2007,1234,15
2007,1235,15
2007,1236,14
2007,1237,16
2007,1238,15
2007,1239,12
2007,1240,14
2007,1241,18
2007,1242,13
2007,1243,14
2007,1244,11
2007,1245,16
2007,1246,17
2007,1247,15
2007,1248,12
2007,1249,20
2007,1250,17
2007,1251,15
2007,1252,14
2007,1253,11
2007,1254,14
2007,1255,20
2007,1256,17
2007,1257,10
2007,1258,16
2007,1259,15
2007,1260,16
2007,1261,14
2007,1263,11
2007,1264,18
2007,1265,16
2007,1266,13
2007,1267,16
2007,1268,19
2007,1269,18
2007,1270,15
2007,1271,15
2007,1272,15
2007,1273,9
2007,1274,18
2007,1275,16
2007,1276,17
2007,1277,17
2007,1278,11
2007,1279,15
2007,1280,17
2007,1281,16
2007,1282,19
2007,1283,17
2007,1284,12
2007,1285,18
2007,1286,17
2007,1287,13
2007,1288,15
2007,1290,21
2007,1291,11
2007,1292,18
2007,1293,16
2007,1294,9
2007,1295,7
2007,1296,12
2007,1298,13
2007,1299,13
2007,1301,11
2007,1304,15
2007,1305,20
2007,1306,14
2007,1307,19
2007,1308,15
2007,1309,14
2007,1310,19
2007,1311,14
2007,1312,14
2007,1313,14
2007,1314,19
2007,1316,7
2007,1317,12
2007,1318,19
2007,1319,20
2007,1320,15
2007,1321,15
2007,1322,15
2007,1323,15
2007,1324,15
2007,1325,13
2007,1326,19
2007,1328,17
2007,1329,16
2007,1330,17
2007,1331,18
2007,1332,19
2007,1333,18
2007,1334,12
2007,1335,22
2007,1336,15
2007,1337,18
2007,1338,17
2007,1339,20
2007,1340,18
2007,1341,13
2007,1343,14
2007,1344,17
2007,1345,17
2007,1346,12
2007,1347,13
2007,1348,15
2007,1349,13
2007,1350,15
2007,1351,15
2007,1352,16
2007,1353,14
2007,1354,14
2007,1355,13
2007,1356,20
2007,1357,13
2007,1358,14
2007,1359,16
2007,1360,19
2007,1361,18
2007,1362,18
2007,1363,11
2007,1364,13
2007,1365,14
2007,1366,11
2007,1368,14
2007,1369,10
2007,1371,12
2007,1372,14
2007,1373,18
2007,1374,14
2007,1375,14
2007,1376,14
2007,1378,15
2007,1379,15
2007,1380,11
2007,1381,14
2007,1382,12
2007,1383,14
2007,1384,9
2007,1385,17
2007,1386,15
2007,1387,19
2007,1388,13
2007,1389,6
2007,1390,16
2007,1391,10
2007,1392,12
2007,1393,22
2007,1394,19
2007,1395,12
2007,1396,12
2007,1397,17
2007,1398,15
2007,1399,17
2007,1400,20
2007,1401,27
2007,1402,7
2007,1403,21
2007,1404,7
2007,1405,17
2007,1406,13
2007,1407,17
2007,1408,13
2007,1409,16
2007,1410,11
2007,1411,10
2007,1412,15
2007,1413,12
2007,1414,11
2007,1415,9
2007,1416,18
2007,1417,22
2007,1418,9
2007,1419,16
2007,1420,16
2007,1421,15
2007,1422,16
2007,1423,9
2007,1424,24
2007,1425,23
2007,1426,12
2007,1427,5
2007,1428,9
2007,1429,18
2007,1430,19
2007,1431,14
2007,1433,26
2007,1434,14
2007,1435,20
2007,1436,24
2007,1437,23
2007,1438,19
2007,1439,19
2007,1440,13
2007,1441,8
2007,1442,5
2007,1443,21
2007,1444,16
2007,1445,3
2007,1447,10
2007,1448,15
2007,1449,21
2007,1450,24
2007,1451,17
2007,1452,21
2007,1453,17
2007,1454,11
2007,1455,15
2007,1456,15
2007,1457,25
2007,1458,29
2007,1459,7
2007,1460,23
2007,1461,16
2007,1462,24
2007,1463,13
2007,1464,12
2008,1102,14
2008,1103,10
2008,1104,16
2008,1105,15
2008,1106,12
2008,1107,15
2008,1108,21
2008,1110,11
2008,1111,13
2008,1112,14
2008,1113,14
2008,1114,11
2008,1115,19
2008,1116,10
2008,1117,20
2008,1119,13
2008,1120,16
2008,1122,9
2008,1123,22
2008,1124,9
2008,1125,7
2008,1126,20
2008,1127,15
2008,1129,9
2008,1130,17
2008,1131,16
2008,1132,17
2008,1133,15
2008,1135,10
2008,1137,18
2008,1138,17
2008,1139,5
2008,1140,8
2008,1141,18
2008,1142,17
2008,1143,13
2008,1144,18
2008,1145,25
2008,1146,17
2008,1147,19
2008,1148,16
2008,1149,19
2008,1150,14
2008,1151,13
2008,1152,16
2008,1153,16
2008,1154,21
2008,1155,11
2008,1156,13
2008,1157,14
2008,1158,20
2008,1159,12
2008,1160,21
2008,1161,19
2008,1162,11
2008,1163,11
2008,1164,19
2008,1165,9
2008,1166,12
2008,1167,19
2008,1168,10
2008,1169,13
2008,1170,23
2008,1171,13
2008,1172,13
2008,1173,14
2008,1174,18
2008,1175,15
2008,1176,18
2008,1177,17
2008,1178,17
2008,1179,9
2008,1180,19
2008,1181,9
2008,1182,14
2008,1183,18
2008,1184,15
2008,1185,14
2008,1186,21
2008,1187,18
2008,1189,17
2008,1190,12
2008,1191,18
2008,1192,17
2008,1193,17
2008,1194,15
2008,1195,13
2008,1196,12
2008,1197,15
2008,1198,19
2008,1199,14
2008,1200,17
2008,1201,16
2008,1202,13
2008,1203,13
2008,1204,13
2008,1205,12
2008,1206,14
2008,1207,13
2008,1208,19
2008,1209,18
2008,1210,16
2008,1211,10
2008,1212,13
2008,1214,12
2008,1216,18
2008,1217,16
2008,1218,18
2008,1219,9
2008,1220,20
2008,1221,15
2008,1222,11
2008,1223,8
2008,1224,19
2008,1225,18
2008,1226,20
2008,1227,14
2008,1228,19
2008,1229,14
2008,1231,13
2008,1232,16
2008,1233,21
2008,1234,17
2008,1235,18
2008,1236,18
2008,1237,12
2008,1238,21
2008,1239,11
2008,1240,14
2008,1241,13
2008,1242,14
2008,1243,16
2008,1244,13
2008,1245,19
2008,1246,15
2008,1247,17
2008,1248,13
2008,1249,12
2008,1250,13
2008,1251,16
2008,1252,12
2008,1253,14
2008,1254,21
2008,1255,13
2008,1256,17
2008,1257,9
2008,1258,21
2008,1259,15
2008,1260,14
2008,1261,16
2008,1263,13
2008,1264,12
2008,1265,20
2008,1266,11
2008,1267,12
2008,1268,17
2008,1269,18
2008,1270,13
2008,1271,17
2008,1272,12
2008,1273,12
2008,1274,14
2008,1275,15
2008,1276,18
2008,1277,16
2008,1278,14
2008,1279,13
2008,1280,19
2008,1281,15
2008,1282,17
2008,1283,14
2008,1284,18
2008,1285,18
2008,1286,18
2008,1287,10
2008,1288,20
2008,1290,15
2008,1291,16
2008,1292,16
2008,1293,12
2008,1294,13
2008,1295,14
2008,1296,13
2008,1298,18
2008,1299,14
2008,1300,13
2008,1301,10
2008,1304,14
2008,1305,19
2008,1306,9
2008,1307,14
2008,1308,22
2008,1309,22
2008,1310,17
2008,1311,19
2008,1312,12
2008,1313,17
2008,1314,20
2008,1316,8
2008,1317,16
2008,1318,19
2008,1319,19
2008,1320,14
2008,1321,13
2008,1322,13
2008,1323,13
2008,1324,16
2008,1325,17
2008,1326,16
2008,1328,18
2008,1329,15
2008,1330,19
2008,1331,19
2008,1332,18
2008,1333,14
2008,1334,14
2008,1335,13
2008,1336,19
2008,1337,17
2008,1338,19
2008,1339,18
2008,1340,25
2008,1341,17
2008,1342,12
2008,1343,9
2008,1344,19
2008,1345,22
2008,1346,17
2008,1347,11
2008,1348,18
2008,1349,18
2008,1350,17
2008,1351,21
2008,1352,23
2008,1353,15
2008,1354,12
2008,1355,10
2008,1356,16
2008,1357,20
2008,1358,12
2008,1359,16
2008,1360,17
2008,1361,18
2008,1362,16
2008,1363,14
2008,1364,21
2008,1365,16
2008,1366,10
2008,1367,10
2008,1368,16
2008,1369,14
2008,1371,18
2008,1372,13
2008,1373,21
2008,1374,12
2008,1375,19
2008,1376,20
2008,1378,12
2008,1379,14
2008,1380,10
2008,1381,13
2008,1382,11
2008,1383,11
2008,1384,8
2008,1385,17
2008,1386,22
2008,1387,18
2008,1388,24
2008,1389,7
2008,1390,22
2008,1391,16
2008,1392,11
2008,1393,18
2008,1394,15
2008,1395,16
2008,1396,21
2008,1397,24
2008,1398,16
2008,1399,11
2008,1400,23
2008,1401,19
2008,1402,10
2008,1403,13
2008,1404,17
2008,1405,15
2008,1406,17
2008,1407,11
2008,1408,19
2008,1409,18
2008,1410,14
2008,1411,11
2008,1412,19
2008,1413,8
2008,1414,17
2008,1415,10
2008,1416,15
2008,1417,24
2008,1418,12
2008,1419,9
2008,1420,22
2008,1421,18
2008,1422,19
2008,1423,23
2008,1424,21
2008,1425,21
2008,1426,15
2008,1427,9
2008,1428,17
2008,1429,24
2008,1430,13
2008,1431,18
2008,1433,23
2008,1434,14
2008,1435,25
2008,1436,18
2008,1437,19
2008,1438,19
2008,1439,19
2008,1440,11
2008,1441,10
2008,1442,10
2008,1443,25
2008,1444,19
2008,1445,11
2008,1447,21
2008,1448,17
2008,1449,18
2008,1450,24
2008,1451,16
2008,1452,22
2008,1453,18
2008,1454,11
2008,1455,10
2008,1456,16
2008,1457,20
2008,1458,28
2008,1459,12
2008,1460,19
2008,1461,10
2008,1462,27
2008,1463,12
2008,1464,7
2009,1102,21
2009,1103,12
2009,1104,14
2009,1105,16
2009,1106,12
2009,1107,16
2009,1108,24
2009,1110,7
2009,1111,18
2009,1112,13
2009,1113,12
2009,1114,8
2009,1115,19
2009,1116,16
2009,1117,15
2009,1119,16
2009,1120,17
2009,1122,12
2009,1123,15
2009,1124,15
2009,1125,12
2009,1126,15
2009,1127,8
2009,1129,12
2009,1130,11
2009,1131,13
2009,1132,13
2009,1133,14
2009,1135,19
2009,1136,16
2009,1137,19
2009,1138,8
2009,1139,7
2009,1140,10
2009,1141,16
2009,1142,19
2009,1143,12
2009,1144,13
2009,1145,18
2009,1146,20
2009,1147,23
2009,1148,16
2009,1149,20
2009,1150,18
2009,1151,15
2009,1152,16
2009,1153,16
2009,1154,14
2009,1155,11
2009,1156,9
2009,1157,16
2009,1158,10
2009,1159,20
2009,1160,21
2009,1161,17
2009,1162,17
2009,1163,7
2009,1164,18
2009,1165,16
2009,1166,9
2009,1167,21
2009,1168,21
2009,1169,15
2009,1170,26
2009,1171,12
2009,1172,9
2009,1173,9
2009,1174,20
2009,1175,18
2009,1176,14
2009,1177,23
2009,1178,18
2009,1179,15
2009,1180,14
2009,1181,6
2009,1182,12
2009,1183,12
2009,1184,14
2009,1185,20
2009,1186,19
2009,1187,16
2009,1188,16
2009,1189,15
2009,1190,13
2009,1191,17
2009,1192,18
2009,1193,20
2009,1194,22
2009,1195,18
2009,1196,15
2009,1197,16
2009,1198,20
2009,1199,12
2009,1200,18
2009,1201,23
2009,1202,12
2009,1203,19
2009,1204,8
2009,1205,21
2009,1206,12
2009,1207,16
2009,1208,18
2009,1209,16
2009,1210,15
2009,1211,3
2009,1212,15
2009,1214,15
2009,1216,18
2009,1217,14
2009,1218,17
2009,1219,18
2009,1220,11
2009,1221,17
2009,1222,11
2009,1223,20
2009,1224,16
2009,1225,19
2009,1226,16
2009,1227,13
2009,1228,14
2009,1229,20
2009,1231,23
2009,1232,16
2009,1233,22
2009,1234,17
2009,1235,18
2009,1236,20
2009,1237,16
2009,1238,19
2009,1239,10
2009,1240,12
2009,1241,15
2009,1242,14
2009,1243,17
2009,1244,12
2009,1245,14
2009,1246,22
2009,1247,15
2009,1248,10
2009,1249,15
2009,1250,13
2009,1251,17
2009,1252,17
2009,1253,17
2009,1254,16
2009,1255,13
2009,1256,19
2009,1257,11
2009,1258,24
2009,1259,14
2009,1260,17
2009,1261,18
2009,1263,15
2009,1264,15
2009,1265,17
2009,1266,15
2009,1267,19
2009,1268,14
2009,1269,17
2009,1270,18
2009,1271,11
2009,1272,16
2009,1273,13
2009,1274,13
2009,1275,13
2009,1276,14
2009,1277,18
2009,1278,15
2009,1279,16
2009,1280,17
2009,1281,19
2009,1282,20
2009,1283,16
2009,1284,18
2009,1285,16
2009,1286,17
2009,1287,13
2009,1288,20
2009,1290,10
2009,1291,19
2009,1292,20
2009,1293,13
2009,1294,17
2009,1295,14
2009,1296,12
2009,1298,16
2009,1299,14
2009,1300,12
2009,1301,13
2009,1304,17
2009,1305,20
2009,1306,13
2009,1307,16
2009,1308,17
2009,1309,16
2009,1310,22
2009,1311,13
2009,1312,16
2009,1313,16
2009,1314,16
2009,1315,11
2009,1316,7
2009,1317,20
2009,1318,16
2009,1319,14
2009,1320,21
2009,1321,16
2009,1322,17
2009,1323,16
2009,1324,15
2009,1325,12
2009,1326,21
2009,1328,15
2009,1329,15
2009,1330,15
2009,1331,13
2009,1332,19
2009,1333,15
2009,1334,15
2009,1335,15
2009,1336,24
2009,1337,13
2009,1338,17
2009,1339,15
2009,1340,21
2009,1341,13
2009,1342,16
2009,1343,14
2009,1344,15
2009,1345,22
2009,1346,17
2009,1347,16
2009,1348,22
2009,1349,18
2009,1350,22
2009,1351,19
2009,1352,21
2009,1353,17
2009,1354,15
2009,1355,14
2009,1356,11
2009,1357,11
2009,1358,12
2009,1359,15
2009,1360,18
2009,1361,16
2009,1362,11
2009,1363,15
2009,1364,13
2009,1365,16
2009,1366,14
2009,1367,10
2009,1368,14
2009,1369,8
2009,1370,11
2009,1371,14
2009,1372,19
2009,1373,25
2009,1374,15
2009,1375,20
2009,1376,21
2009,1377,5
2009,1378,19
2009,1379,17
2009,1380,8
2009,1381,16
2009,1382,17
2009,1383,11
2009,1384,9
2009,1385,20
2009,1386,23
2009,1387,19
2009,1388,24
2009,1389,14
2009,1390,21
2009,1391,12
2009,1392,16
2009,1393,24
2009,1394,11
2009,1395,13
2009,1396,22
2009,1397,16
2009,1398,13
2009,1399,14
2009,1400,14
2009,1401,22
2009,1402,9
2009,1403,13
2009,1404,21
2009,1405,9
2009,1406,14
2009,1407,19
2009,1408,16
2009,1409,18
2009,1410,12
2009,1411,9
2009,1412,20
2009,1413,11
2009,1414,13
2009,1415,16
2009,1416,17
2009,1417,22
2009,1418,11
2009,1419,10
2009,1420,16
2009,1421,13
2009,1422,7
2009,1423,11
2009,1424,19
2009,1425,21
2009,1426,10
2009,1427,16
2009,1428,20
2009,1429,26
2009,1430,15
2009,1431,20
2009,1433,22
2009,1434,10
2009,1435,19
2009,1436,22
2009,1437,27
2009,1438,11
2009,1439,19
2009,1440,18
2009,1441,14
2009,1442,8
2009,1443,23
2009,1444,11
2009,1445,7
2009,1447,15
2009,1448,23
2009,1449,23
2009,1450,17
2009,1451,20
2009,1452,23
2009,1453,21
2009,1454,18
2009,1455,16
2009,1456,9
2009,1457,10
2009,1458,19
2009,1459,15
2009,1460,18
2009,1461,17
2009,1462,25
2009,1463,12
2009,1464,9
2010,1102,21
2010,1103,10
2010,1104,15
2010,1105,15
2010,1106,18
2010,1107,25
2010,1108,24
2010,1110,19
2010,1111,11
2010,1112,15
2010,1113,10
2010,1114,22
2010,1115,18
2010,1116,21
2010,1117,15
2010,1119,15
2010,1120,19
2010,1122,16
2010,1123,14
2010,1124,8
2010,1125,13
2010,1126,16
2010,1127,20
2010,1129,17
2010,1130,16
2010,1131,17
2010,1132,13
2010,1133,15
2010,1135,18
2010,1136,26
2010,1137,20
2010,1138,14
2010,1139,5
2010,1140,10
2010,1141,17
2010,1142,18
2010,1143,12
2010,1144,10
2010,1145,17
2010,1146,20
2010,1147,21
2010,1148,21
2010,1149,15
2010,1150,12
2010,1151,18
2010,1152,21
2010,1153,15
2010,1154,16
2010,1155,11
2010,1156,15
2010,1157,8
2010,1158,13
2010,1159,18
2010,1160,17
2010,1161,16
2010,1162,22
2010,1163,15
2010,1164,20
2010,1165,11
2010,1166,17
2010,1167,22
2010,1168,18
2010,1169,20
2010,1170,21
2010,1171,17
2010,1172,12
2010,1173,17
2010,1174,22
2010,1175,16
2010,1176,14
2010,1177,22
2010,1178,17
2010,1179,19
2010,1180,15
2010,1181,13
2010,1182,18
2010,1183,13
2010,1184,11
2010,1185,13
2010,1186,18
2010,1187,18
2010,1188,22
2010,1189,19
2010,1190,15
2010,1191,17
2010,1192,22
2010,1193,15
2010,1194,19
2010,1195,19
2010,1196,17
2010,1197,15
2010,1198,19
2010,1199,11
2010,1200,21
2010,1201,19
2010,1202,15
2010,1203,14
2010,1204,13
2010,1205,18
2010,1206,14
2010,1207,16
2010,1208,18
2010,1209,17
2010,1210,14
2010,1211,10
2010,1212,18
2010,1214,21
2010,1216,20
2010,1217,12
2010,1218,18
2010,1219,16
2010,1220,16
2010,1221,20
2010,1222,18
2010,1223,22
2010,1224,17
2010,1225,21
2010,1226,16
2010,1227,16
2010,1228,14
2010,1229,20
2010,1231,19
2010,1232,17
2010,1233,12
2010,1234,23
2010,1235,20
2010,1236,14
2010,1237,15
2010,1238,20
2010,1239,10
2010,1240,16
2010,1241,16
2010,1242,13
2010,1243,14
2010,1244,14
2010,1245,14
2010,1246,16
2010,1247,17
2010,1248,15
2010,1249,18
2010,1250,21
2010,1251,15
2010,1252,15
2010,1253,15
2010,1254,16
2010,1255,17
2010,1256,17
2010,1257,15
2010,1258,17
2010,1259,14
2010,1260,14
2010,1261,14
2010,1263,21
2010,1264,20
2010,1265,14
2010,1266,15
2010,1267,13
2010,1268,16
2010,1269,16
2010,1270,16
2010,1271,22
2010,1272,13
2010,1273,12
2010,1274,9
2010,1275,14
2010,1276,21
2010,1277,17
2010,1278,14
2010,1279,23
2010,1280,18
2010,1281,17
2010,1282,19
2010,1283,21
2010,1284,17
2010,1285,13
2010,1286,16
2010,1287,15
2010,1288,19
2010,1290,12
2010,1291,19
2010,1292,15
2010,1293,19
2010,1294,17
2010,1295,13
2010,1296,11
2010,1298,13
2010,1299,14
2010,1300,9
2010,1301,23
2010,1304,10
2010,1305,18
2010,1306,15
2010,1307,17
2010,1308,17
2010,1309,14
2010,1310,18
2010,1311,14
2010,1312,13
2010,1313,14
2010,1314,15
2010,1315,10
2010,1316,12
2010,1317,13
2010,1318,17
2010,1319,10
2010,1320,22
2010,1321,21
2010,1322,18
2010,1323,18
2010,1324,16
2010,1325,20
2010,1326,24
2010,1328,19
2010,1329,19
2010,1330,19
2010,1331,20
2010,1332,13
2010,1333,21
2010,1334,19
2010,1335,11
2010,1336,15
2010,1337,15
2010,1338,16
2010,1339,14
2010,1340,19
2010,1341,10
2010,1342,10
2010,1343,15
2010,1344,17
2010,1345,21
2010,1346,20
2010,1347,14
2010,1348,27
2010,1349,18
2010,1350,25
2010,1351,20
2010,1352,16
2010,1353,19
2010,1354,15
2010,1355,7
2010,1356,12
2010,1357,13
2010,1358,16
2010,1359,15
2010,1360,15
2010,1361,16
2010,1362,14
2010,1363,15
2010,1364,14
2010,1365,13
2010,1366,6
2010,1367,11
2010,1368,16
2010,1369,10
2010,1370,12
2010,1371,23
2010,1372,16
2010,1373,25
2010,1374,21
2010,1375,21
2010,1376,16
2010,1377,16
2010,1378,21
2010,1379,15
2010,1380,9
2010,1381,10
2010,1382,20
2010,1383,10
2010,1384,12
2010,1385,18
2010,1386,15
2010,1387,21
2010,1388,26
2010,1389,17
2010,1390,16
2010,1391,5
2010,1392,16
2010,1393,26
2010,1394,11
2010,1395,13
2010,1396,25
2010,1397,26
2010,1398,8
2010,1399,11
2010,1400,17
2010,1401,22
2010,1402,9
2010,1403,16
2010,1404,2
2010,1405,7
2010,1406,8
2010,1407,15
2010,1408,14
2010,1409,24
2010,1410,8
2010,1411,18
2010,1412,24
2010,1413,9
2010,1414,15
2010,1415,10
2010,1416,16
2010,1417,14
2010,1418,12
2010,1419,9
2010,1420,8
2010,1421,12
2010,1422,15
2010,1423,12
2010,1424,23
2010,1425,15
2010,1426,11
2010,1427,17
2010,1428,14
2010,1429,22
2010,1430,8
2010,1431,26
2010,1433,23
2010,1434,12
2010,1435,24
2010,1436,24
2010,1437,24
2010,1438,19
2010,1439,21
2010,1440,8
2010,1441,19
2010,1442,10
2010,1443,20
2010,1444,17
2010,1445,9
2010,1447,5
2010,1448,19
2010,1449,21
2010,1450,15
2010,1451,18
2010,1452,27
2010,1453,15
2010,1454,17
2010,1455,24
2010,1456,21
2010,1457,17
2010,1458,23
2010,1459,25
2010,1460,18
2010,1461,8
2010,1462,23
2010,1463,11
2010,1464,6
2011,1102,14
2011,1103,12
2011,1104,11
2011,1105,14
2011,1106,18
2011,1107,16
2011,1108,20
2011,1110,10
2011,1111,15
2011,1112,7
2011,1113,17
2011,1114,15
2011,1115,22
2011,1116,13
2011,1117,17
2011,1119,17
2011,1120,17
2011,1122,13
2011,1123,11
2011,1124,14
2011,1125,6
2011,1126,9
2011,1127,20
2011,1129,12
2011,1130,12
2011,1131,17
2011,1132,17
2011,1133,20
2011,1135,15
2011,1136,18
2011,1137,12
2011,1138,11
2011,1139,10
2011,1140,8
2011,1141,17
2011,1142,14
2011,1143,14
2011,1144,18
2011,1145,14
2011,1146,24
2011,1147,27
2011,1148,13
2011,1149,15
2011,1150,20
2011,1151,14
2011,1152,23
2011,1153,8
2011,1154,20
2011,1155,14
2011,1156,7
2011,1157,9
2011,1158,12
2011,1159,16
2011,1160,14
2011,1161,11
2011,1162,15
2011,1163,10
2011,1164,14
2011,1165,15
2011,1166,13
2011,1167,16
2011,1168,16
2011,1169,18
2011,1170,21
2011,1171,18
2011,1172,15
2011,1173,15
2011,1174,15
2011,1175,15
2011,1176,18
2011,1177,20
2011,1178,15
2011,1179,18
2011,1180,13
2011,1181,9
2011,1182,14
2011,1183,17
2011,1184,16
2011,1185,17
2011,1186,18
2011,1187,14
2011,1188,19
2011,1189,13
2011,1190,13
2011,1191,13
2011,1192,22
2011,1193,11
2011,1194,9
2011,1195,17
2011,1196,12
2011,1197,14
2011,1198,18
2011,1199,11
2011,1200,16
2011,1201,15
2011,1202,12
2011,1203,17
2011,1204,12
2011,1205,18
2011,1206,12
2011,1207,9
2011,1208,14
2011,1209,15
2011,1210,14
2011,1211,12
2011,1212,17
2011,1214,13
2011,1216,15
2011,1217,18
2011,1218,14
2011,1219,13
2011,1220,14
2011,1221,13
2011,1222,18
2011,1223,21
2011,1224,17
2011,1225,18
2011,1226,15
2011,1227,14
2011,1228,13
2011,1229,18
2011,1231,21
2011,1232,18
2011,1233,12
2011,1234,24
2011,1235,21
2011,1236,16
2011,1237,17
2011,1238,16
2011,1239,12
2011,1240,19
2011,1241,14
2011,1242,11
2011,1243,11
2011,1244,13
2011,1245,16
2011,1246,12
2011,1247,18
2011,1248,18
2011,1249,17
2011,1250,10
2011,1251,14
2011,1252,15
2011,1253,15
2011,1254,13
2011,1255,14
2011,1256,17
2011,1257,12
2011,1258,19
2011,1259,11
2011,1260,13
2011,1261,18
2011,1263,12
2011,1264,10
2011,1265,15
2011,1266,12
2011,1267,14
2011,1268,17
2011,1269,12
2011,1270,17
2011,1271,13
2011,1272,15
2011,1273,12
2011,1274,14
2011,1275,13
2011,1276,19
2011,1277,14
2011,1278,16
2011,1279,16
2011,1280,15
2011,1281,14
2011,1282,13
2011,1283,20
2011,1284,22
2011,1285,17
2011,1286,17
2011,1287,17
2011,1288,15
2011,1290,14
2011,1291,15
2011,1292,11
2011,1293,16
2011,1294,16
2011,1295,12
2011,1296,12
2011,1298,13
2011,1299,12
2011,1300,10
2011,1301,15
2011,1304,13
2011,1305,17
2011,1306,16
2011,1307,20
2011,1308,17
2011,1310,15
2011,1311,12
2011,1312,13
2011,1313,16
2011,1314,21
2011,1315,14
2011,1316,14
2011,1317,14
2011,1318,11
2011,1319,16
2011,1320,18
2011,1321,24
2011,1322,17
2011,1323,19
2011,1324,15
2011,1325,15
2011,1326,24
2011,1328,18
2011,1329,20
2011,1330,17
2011,1331,12
2011,1332,12
2011,1333,15
2011,1334,10
2011,1335,14
2011,1336,20
2011,1337,15
2011,1338,15
2011,1339,15
2011,1340,10
2011,1341,14
2011,1342,12
2011,1343,17
2011,1344,14
2011,1345,24
2011,1346,19
2011,1347,10
2011,1348,17
2011,1349,19
2011,1350,17
2011,1351,20
2011,1352,15
2011,1353,17
2011,1354,7
2011,1355,15
2011,1356,11
2011,1357,11
2011,1358,13
2011,1359,11
2011,1360,10
2011,1361,15
2011,1362,16
2011,1363,17
2011,1364,10
2011,1365,22
2011,1366,7
2011,1367,8
2011,1368,16
2011,1369,13
2011,1370,16
2011,1371,14
2011,1372,15
2011,1373,18
2011,1374,19
2011,1375,14
2011,1376,14
2011,1377,12
2011,1378,12
2011,1379,16
2011,1380,8
2011,1381,12
2011,1382,18
2011,1383,13
2011,1384,10
2011,1385,22
2011,1386,17
2011,1387,13
2011,1388,22
2011,1389,19
2011,1390,17
2011,1391,8
2011,1392,14
2011,1393,24
2011,1394,14
2011,1395,13
2011,1396,27
2011,1397,15
2011,1398,11
2011,1399,14
2011,1400,22
2011,1401,19
2011,1402,13
2011,1403,13
2011,1404,10
2011,1405,4
2011,1406,6
2011,1407,9
2011,1408,15
2011,1409,20
2011,1410,6
2011,1411,20
2011,1412,18
2011,1413,10
2011,1414,15
2011,1415,10
2011,1416,16
2011,1417,24
2011,1418,11
2011,1419,8
2011,1420,8
2011,1421,15
2011,1422,14
2011,1423,12
2011,1424,18
2011,1425,19
2011,1426,11
2011,1427,16
2011,1428,10
2011,1429,26
2011,1430,15
2011,1431,23
2011,1433,16
2011,1434,19
2011,1435,23
2011,1436,22
2011,1437,20
2011,1438,16
2011,1439,19
2011,1440,14
2011,1441,18
2011,1442,5
2011,1443,16
2011,1444,19
2011,1447,13
2011,1448,10
2011,1449,24
2011,1450,19
2011,1451,15
2011,1452,20
2011,1453,14
2011,1454,18
2011,1455,23
2011,1456,9
2011,1457,11
2011,1458,23
2011,1459,22
2011,1460,15
2011,1461,8
2011,1462,24
2011,1463,14
2011,1464,7
2012,1102,16
2012,1103,11
2012,1104,11
2012,1105,20
2012,1106,21
2012,1107,14
2012,1108,19
2012,1110,11
2012,1111,18
2012,1112,11
2012,1113,21
2012,1114,16
2012,1115,21
2012,1116,12
2012,1117,18
2012,1119,14
2012,1120,13
2012,1122,21
2012,1123,13
2012,1124,7
2012,1125,9
2012,1126,15
2012,1127,26
2012,1129,17
2012,1130,22
2012,1131,21
2012,1132,15
2012,1133,25
2012,1135,21
2012,1136,24
2012,1137,15
2012,1138,15
2012,1139,13
2012,1140,8
2012,1141,17
2012,1142,15
2012,1143,10
2012,1144,14
2012,1145,25
2012,1146,19
2012,1148,18
2012,1149,12
2012,1150,17
2012,1151,20
2012,1152,22
2012,1153,13
2012,1154,26
2012,1155,15
2012,1156,12
2012,1157,13
2012,1158,18
2012,1159,16
2012,1160,16
2012,1161,14
2012,1162,15
2012,1163,14
2012,1164,13
2012,1165,18
2012,1166,9
2012,1167,15
2012,1168,7
2012,1169,18
2012,1170,17
2012,1171,17
2012,1172,11
2012,1173,13
2012,1174,13
2012,1175,13
2012,1176,9
2012,1177,20
2012,1178,13
2012,1179,17
2012,1180,9
2012,1181,11
2012,1182,17
2012,1183,15
2012,1184,16
2012,1185,15
2012,1186,16
2012,1187,16
2012,1188,15
2012,1189,14
2012,1190,13
2012,1191,16
2012,1192,24
2012,1193,14
2012,1194,18
2012,1195,14
2012,1196,15
2012,1197,21
2012,1198,14
2012,1199,9
2012,1200,18
2012,1201,20
2012,1202,13
2012,1203,21
2012,1204,17
2012,1205,17
2012,1206,9
2012,1207,10
2012,1208,16
2012,1209,8
2012,1210,18
2012,1211,11
2012,1212,23
2012,1214,14
2012,1216,19
2012,1217,15
2012,1218,17
2012,1219,19
2012,1220,15
2012,1221,14
2012,1222,18
2012,1223,16
2012,1224,17
2012,1225,11
2012,1226,17
2012,1227,16
2012,1228,20
2012,1229,14
2012,1231,14
2012,1232,15
2012,1233,10
2012,1234,18
2012,1235,11
2012,1236,17
2012,1237,15
2012,1238,17
2012,1239,14
2012,1240,17
2012,1241,15
2012,1242,8
2012,1243,9
2012,1244,19
2012,1245,12
2012,1246,12
2012,1247,19
2012,1248,16
2012,1249,13
2012,1250,18
2012,1251,17
2012,1252,18
2012,1253,12
2012,1254,10
2012,1255,14
2012,1256,19
2012,1257,17
2012,1258,9
2012,1259,15
2012,1260,15
2012,1261,16
2012,1263,13
2012,1264,14
2012,1265,14
2012,1266,9
2012,1267,18
2012,1268,16
2012,1269,14
2012,1270,13
2012,1271,14
2012,1272,16
2012,1273,17
2012,1274,21
2012,1275,20
2012,1276,13
2012,1277,14
2012,1278,13
2012,1279,17
2012,1280,9
2012,1281,12
2012,1282,20
2012,1283,18
2012,1284,20
2012,1285,15
2012,1286,11
2012,1287,19
2012,1288,18
2012,1290,18
2012,1291,16
2012,1292,15
2012,1293,14
2012,1294,11
2012,1295,12
2012,1296,14
2012,1298,7
2012,1299,14
2012,1300,15
2012,1301,19
2012,1303,7
2012,1304,16
2012,1305,14
2012,1306,15
2012,1307,18
2012,1308,20
2012,1310,13
2012,1311,17
2012,1312,16
2012,1313,20
2012,1314,21
2012,1315,14
2012,1316,17
2012,1317,14
2012,1318,15
2012,1319,12
2012,1320,16
2012,1321,16
2012,1322,15
2012,1323,12
2012,1324,14
2012,1325,22
2012,1326,18
2012,1328,15
2012,1329,11
2012,1330,17
2012,1331,21
2012,1332,11
2012,1333,16
2012,1334,14
2012,1335,20
2012,1336,12
2012,1337,14
2012,1338,13
2012,1339,15
2012,1340,20
2012,1341,13
2012,1342,14
2012,1343,17
2012,1344,20
2012,1345,20
2012,1346,18
2012,1347,11
2012,1348,16
2012,1349,11
2012,1350,15
2012,1351,12
2012,1352,18
2012,1353,16
2012,1354,7
2012,1355,16
2012,1356,14
2012,1357,15
2012,1358,15
2012,1359,13
2012,1360,18
2012,1361,15
2012,1362,16
2012,1363,9
2012,1364,14
2012,1365,9
2012,1366,18
2012,1367,16
2012,1368,14
2012,1369,15
2012,1370,15
2012,1371,15
2012,1372,15
2012,1373,18
2012,1374,13
2012,1375,10
2012,1376,14
2012,1377,14
2012,1378,18
2012,1379,19
2012,1380,17
2012,1381,13
2012,1382,20
2012,1383,17
2012,1384,9
2012,1385,11
2012,1386,19
2012,1387,19
2012,1388,24
2012,1389,7
2012,1390,21
2012,1391,9
2012,1392,20
2012,1393,27
2012,1394,10
2012,1395,15
2012,1396,20
2012,1397,14
2012,1398,17
2012,1399,17
2012,1400,13
2012,1401,10
2012,1402,11
2012,1403,8
2012,1404,1
2012,1405,13
2012,1406,7
2012,1407,9
2012,1408,18
2012,1409,16
2012,1410,11
2012,1411,16
2012,1412,19
2012,1413,9
2012,1414,13
2012,1415,14
2012,1416,20
2012,1417,12
2012,1418,14
2012,1419,5
2012,1420,7
2012,1421,16
2012,1422,15
2012,1423,11
2012,1424,23
2012,1425,9
2012,1426,25
2012,1427,15
2012,1428,6
2012,1429,17
2012,1430,18
2012,1431,15
2012,1433,24
2012,1434,20
2012,1435,25
2012,1436,24
2012,1437,14
2012,1438,19
2012,1439,17
2012,1440,12
2012,1441,14
2012,1442,16
2012,1443,15
2012,1444,11
2012,1447,25
2012,1448,13
2012,1449,19
2012,1450,14
2012,1451,22
2012,1452,19
2012,1453,14
2012,1454,22
2012,1455,26
2012,1456,5
2012,1457,10
2012,1458,23
2012,1459,17
2012,1460,12
2012,1461,18
2012,1462,21
2012,1463,17
2012,1464,14
2013,1102,13
2013,1103,6
2013,1104,12
2013,1105,20
2013,1106,22
2013,1107,10
2013,1108,21
2013,1110,20
2013,1111,16
2013,1112,7
2013,1113,10
2013,1114,15
2013,1115,17
2013,1116,13
2013,1117,12
2013,1119,17
2013,1120,21
2013,1122,22
2013,1123,14
2013,1124,14
2013,1125,7
2013,1126,20
2013,1127,24
2013,1129,10
2013,1130,17
2013,1131,15
2013,1132,18
2013,1133,16
2013,1135,15
2013,1136,15
2013,1137,10
2013,1138,22
2013,1139,9
2013,1140,10
2013,1141,18
2013,1142,13
2013,1143,11
2013,1144,20
2013,1145,16
2013,1146,15
2013,1148,16
2013,1149,11
2013,1150,14
2013,1151,19
2013,1152,22
2013,1153,14
2013,1154,19
2013,1155,16
2013,1156,19
2013,1157,16
2013,1158,17
2013,1159,17
2013,1160,10
2013,1161,9
2013,1162,16
2013,1163,10
2013,1164,21
2013,1165,18
2013,1166,11
2013,1167,14
2013,1168,18
2013,1169,13
2013,1170,16
2013,1171,15
2013,1172,15
2013,1173,16
2013,1174,14
2013,1175,20
2013,1176,7
2013,1177,22
2013,1178,15
2013,1179,15
2013,1180,17
2013,1181,11
2013,1182,19
2013,1183,17
2013,1184,11
2013,1185,18
2013,1186,19
2013,1187,11
2013,1188,16
2013,1189,10
2013,1190,21
2013,1191,11
2013,1192,23
2013,1193,16
2013,1194,18
2013,1195,10
2013,1196,11
2013,1197,19
2013,1198,18
2013,1199,19
2013,1200,20
2013,1201,14
2013,1202,10
2013,1203,20
2013,1204,14
2013,1205,19
2013,1206,13
2013,1207,12
2013,1208,16
2013,1209,10
2013,1210,13
2013,1211,7
2013,1212,16
2013,1214,21
2013,1216,15
2013,1217,18
2013,1218,16
2013,1219,16
2013,1220,16
2013,1221,13
2013,1222,14
2013,1223,12
2013,1224,15
2013,1225,16
2013,1226,19
2013,1227,13
2013,1228,20
2013,1229,20
2013,1231,12
2013,1232,14
2013,1233,14
2013,1234,15
2013,1235,16
2013,1236,15
2013,1237,25
2013,1238,19
2013,1239,14
2013,1240,13
2013,1241,12
2013,1242,12
2013,1243,8
2013,1244,18
2013,1245,22
2013,1246,9
2013,1247,14
2013,1248,16
2013,1249,22
2013,1250,14
2013,1251,20
2013,1252,21
2013,1253,17
2013,1254,17
2013,1255,14
2013,1256,12
2013,1257,10
2013,1258,17
2013,1259,12
2013,1260,18
2013,1261,11
2013,1263,13
2013,1264,16
2013,1265,15
2013,1266,8
2013,1267,16
2013,1268,16
2013,1269,17
2013,1270,17
2013,1271,13
2013,1272,12
2013,1273,16
2013,1274,17
2013,1275,15
2013,1276,16
2013,1277,12
2013,1278,13
2013,1279,20
2013,1280,16
2013,1281,16
2013,1282,19
2013,1283,21
2013,1284,19
2013,1285,10
2013,1286,14
2013,1287,15
2013,1288,21
2013,1290,13
2013,1291,17
2013,1292,9
2013,1293,14
2013,1294,16
2013,1295,17
2013,1296,14
2013,1297,16
2013,1298,13
2013,1299,21
2013,1300,17
2013,1301,16
2013,1303,20
2013,1304,13
2013,1305,17
2013,1306,14
2013,1307,21
2013,1308,11
2013,1309,9
2013,1310,16
2013,1311,19
2013,1312,16
2013,1313,17
2013,1314,20
2013,1315,16
2013,1316,13
2013,1317,18
2013,1318,18
2013,1319,16
2013,1320,16
2013,1321,14
2013,1322,13
2013,1323,20
2013,1324,18
2013,1325,19
2013,1326,18
2013,1328,10
2013,1329,11
2013,1330,12
2013,1331,15
2013,1332,12
2013,1333,15
2013,1334,14
2013,1335,17
2013,1336,12
2013,1337,17
2013,1338,19
2013,1339,15
2013,1340,7
2013,1341,22
2013,1342,12
2013,1343,20
2013,1344,10
2013,1345,13
2013,1346,13
2013,1347,16
2013,1348,14
2013,1349,18
2013,1350,14
2013,1351,16
2013,1352,19
2013,1353,12
2013,1354,7
2013,1355,19
2013,1356,16
2013,1357,9
2013,1358,14
2013,1359,11
2013,1360,20
2013,1361,18
2013,1362,17
2013,1363,11
2013,1364,10
2013,1365,18
2013,1366,19
2013,1367,16
2013,1368,16
2013,1369,14
2013,1370,15
2013,1371,13
2013,1372,21
2013,1373,10
2013,1374,20
2013,1375,12
2013,1376,18
2013,1377,14
2013,1378,15
2013,1379,15
2013,1380,21
2013,1381,13
2013,1382,15
2013,1383,13
2013,1384,7
2013,1385,20
2013,1386,18
2013,1387,25
2013,1388,24
2013,1389,9
2013,1390,19
2013,1391,16
2013,1392,21
2013,1393,26
2013,1394,9
2013,1395,17
2013,1396,20
2013,1397,14
2013,1398,13
2013,1399,7
2013,1400,16
2013,1401,17
2013,1402,14
2013,1403,12
2013,1404,7
2013,1405,17
2013,1406,15
2013,1407,15
2013,1408,20
2013,1409,17
2013,1410,14
2013,1411,16
2013,1412,15
2013,1413,15
2013,1414,19
2013,1415,5
2013,1416,19
2013,1417,22
2013,1418,12
2013,1419,7
2013,1420,10
2013,1421,12
2013,1422,12
2013,1423,10
2013,1424,21
2013,1425,14
2013,1426,13
2013,1427,12
2013,1428,12
2013,1429,18
2013,1430,12
2013,1431,19
2013,1433,24
2013,1434,17
2013,1435,15
2013,1436,20
2013,1437,19
2013,1438,17
2013,1439,13
2013,1440,12
2013,1441,13
2013,1442,19
2013,1443,19
2013,1444,19
2013,1447,19
2013,1448,11
2013,1449,15
2013,1450,13
2013,1451,24
2013,1452,13
2013,1453,15
2013,1454,11
2013,1455,26
2013,1456,12
2013,1457,12
2013,1458,23
2013,1459,11
2013,1460,19
2013,1461,17
2013,1462,17
2013,1463,12
2013,1464,14
2014,1101,19
2014,1102,18
2014,1103,12
2014,1104,19
2014,1105,16
2014,1106,12
2014,1107,14
2014,1108,18
2014,1110,12
2014,1111,21
2014,1112,4
2014,1113,11
2014,1114,17
2014,1115,16
2014,1116,11
2014,1117,14
2014,1119,13
2014,1120,16
2014,1122,18
2014,1123,23
2014,1124,11
2014,1125,10
2014,1126,24
2014,1127,21
2014,1129,13
2014,1130,23
2014,1131,12
2014,1132,19
2014,1133,20
2014,1135,14
2014,1136,14
2014,1137,14
2014,1138,11
2014,1139,18
2014,1140,11
2014,1141,18
2014,1142,18
2014,1143,12
2014,1144,20
2014,1145,12
2014,1146,19
2014,1148,16
2014,1149,17
2014,1150,15
2014,1151,16
2014,1152,17
2014,1153,9
2014,1154,21
2014,1155,11
2014,1156,11
2014,1157,14
2014,1158,19
2014,1159,13
2014,1160,9
2014,1161,17
2014,1162,14
2014,1163,11
2014,1164,19
2014,1165,20
2014,1166,14
2014,1167,18
2014,1168,19
2014,1169,15
2014,1170,14
2014,1171,13
2014,1172,15
2014,1173,11
2014,1174,14
2014,1175,17
2014,1176,17
2014,1177,18
2014,1178,15
2014,1179,18
2014,1180,15
2014,1181,10
2014,1182,19
2014,1183,18
2014,1184,14
2014,1185,19
2014,1186,16
2014,1187,17
2014,1188,18
2014,1189,11
2014,1190,16
2014,1191,19
2014,1192,18
2014,1193,23
2014,1194,17
2014,1195,13
2014,1196,7
2014,1197,19
2014,1198,17
2014,1199,14
2014,1200,19
2014,1201,19
2014,1202,13
2014,1203,13
2014,1204,17
2014,1205,12
2014,1206,16
2014,1207,20
2014,1208,12
2014,1209,11
2014,1210,17
2014,1211,10
2014,1212,13
2014,1213,17
2014,1214,14
2014,1216,20
2014,1217,14
2014,1218,11
2014,1219,12
2014,1220,18
2014,1221,11
2014,1222,15
2014,1223,24
2014,1224,19
2014,1225,16
2014,1226,14
2014,1227,18
2014,1228,19
2014,1229,19
2014,1230,10
2014,1231,15
2014,1232,18
2014,1233,13
2014,1234,15
2014,1235,14
2014,1236,13
2014,1237,19
2014,1238,17
2014,1239,15
2014,1240,13
2014,1241,20
2014,1242,13
2014,1243,10
2014,1244,13
2014,1245,14
2014,1246,12
2014,1247,18
2014,1248,13
2014,1249,20
2014,1250,8
2014,1251,17
2014,1252,13
2014,1253,17
2014,1254,14
2014,1255,17
2014,1256,14
2014,1257,16
2014,1258,19
2014,1259,12
2014,1260,18
2014,1261,11
2014,1262,12
2014,1263,12
2014,1264,13
2014,1265,15
2014,1266,21
2014,1267,20
2014,1268,14
2014,1269,15
2014,1270,20
2014,1271,17
2014,1272,10
2014,1273,19
2014,1274,20
2014,1275,20
2014,1276,12
2014,1277,13
2014,1278,12
2014,1279,9
2014,1280,16
2014,1281,11
2014,1282,13
2014,1283,20
2014,1284,18
2014,1285,17
2014,1286,12
2014,1287,16
2014,1288,24
2014,1290,12
2014,1291,16
2014,1292,11
2014,1293,15
2014,1294,14
2014,1295,12
2014,1296,18
2014,1297,13
2014,1298,11
2014,1299,14
2014,1300,16
2014,1301,19
2014,1303,10
2014,1304,16
2014,1305,16
2014,1306,13
2014,1307,18
2014,1308,16
2014,1309,10
2014,1310,20
2014,1311,19
2014,1312,12
2014,1313,17
2014,1314,20
2014,1315,19
2014,1316,15
2014,1317,17
2014,1318,18
2014,1319,11
2014,1320,19
2014,1321,15
2014,1322,21
2014,1323,19
2014,1324,17
2014,1325,22
2014,1326,21
2014,1328,12
2014,1329,11
2014,1330,20
2014,1331,19
2014,1332,14
2014,1333,11
2014,1334,17
2014,1335,16
2014,1336,16
2014,1337,17
2014,1338,22
2014,1339,16
2014,1340,13
2014,1341,17
2014,1342,12
2014,1343,17
2014,1344,19
2014,1345,14
2014,1346,19
2014,1347,21
2014,1348,16
2014,1349,12
2014,1350,22
2014,1351,16
2014,1352,14
2014,1353,11
2014,1354,11
2014,1355,15
2014,1356,18
2014,1357,13
2014,1358,21
2014,1359,16
2014,1360,17
2014,1361,17
2014,1362,17
2014,1363,12
2014,1364,14
2014,1365,12
2014,1366,12
2014,1367,16
2014,1368,11
2014,1369,13
2014,1370,8
2014,1371,18
2014,1372,26
2014,1373,16
2014,1374,17
2014,1375,11
2014,1376,14
2014,1377,12
2014,1378,10
2014,1379,23
2014,1380,17
2014,1381,6
2014,1382,21
2014,1383,14
2014,1384,12
2014,1385,24
2014,1386,23
2014,1387,23
2014,1388,21
2014,1389,14
2014,1390,14
2014,1391,10
2014,1392,22
2014,1393,25
2014,1394,17
2014,1395,9
2014,1396,13
2014,1397,20
2014,1398,7
2014,1399,17
2014,1400,17
2014,1401,18
2014,1402,10
2014,1403,14
2014,1404,8
2014,1405,27
2014,1406,21
2014,1407,18
2014,1408,19
2014,1409,21
2014,1410,11
2014,1411,18
2014,1412,16
2014,1413,12
2014,1414,17
2014,1415,8
2014,1416,11
2014,1417,23
2014,1418,18
2014,1419,14
2014,1420,10
2014,1421,16
2014,1422,12
2014,1423,10
2014,1424,16
2014,1425,14
2014,1426,13
2014,1427,8
2014,1428,18
2014,1429,14
2014,1430,17
2014,1431,19
2014,1433,22
2014,1434,14
2014,1435,15
2014,1436,20
2014,1437,26
2014,1438,27
2014,1439,6
2014,1440,17
2014,1441,19
2014,1442,8
2014,1443,20
2014,1444,22
2014,1447,18
2014,1448,18
2014,1449,17
2014,1450,9
2014,1451,17
2014,1452,17
2014,1453,19
2014,1454,20
2014,1455,32
2014,1456,18
2014,1457,18
2014,1458,26
2014,1459,17
2014,1460,18
2014,1461,16
2014,1462,21
2014,1463,14
2014,1464,12
2015,1101,21
2015,1102,17
2015,1103,14
2015,1104,14
2015,1105,20
2015,1106,10
2015,1107,8
2015,1108,21
2015,1110,16
2015,1111,16
2015,1112,3
2015,1113,14
2015,1114,20
2015,1115,17
2015,1116,10
2015,1117,16
2015,1119,18
2015,1120,17
2015,1122,22
2015,1123,22
2015,1124,9
2015,1125,11
2015,1126,19
2015,1127,22
2015,1129,12
2015,1130,20
2015,1131,20
2015,1132,12
2015,1133,23
2015,1135,16
2015,1136,14
2015,1137,21
2015,1138,14
2015,1139,11
2015,1140,10
2015,1141,7
2015,1142,16
2015,1143,12
2015,1144,22
2015,1145,13
2015,1146,24
2015,1148,22
2015,1149,14
2015,1150,19
2015,1151,9
2015,1152,22
2015,1153,10
2015,1154,17
2015,1155,18
2015,1156,13
2015,1157,12
2015,1158,25
2015,1159,20
2015,1160,16
2015,1161,10
2015,1162,20
2015,1163,19
2015,1164,21
2015,1165,19
2015,1166,19
2015,1167,21
2015,1168,20
2015,1169,22
2015,1170,11
2015,1171,17
2015,1172,10
2015,1173,9
2015,1174,19
2015,1175,15
2015,1176,16
2015,1177,17
2015,1178,15
2015,1179,21
2015,1180,18
2015,1181,8
2015,1182,18
2015,1183,14
2015,1184,10
2015,1185,11
2015,1186,8
2015,1187,18
2015,1188,12
2015,1189,16
2015,1190,13
2015,1191,15
2015,1192,21
2015,1193,19
2015,1194,20
2015,1195,10
2015,1196,20
2015,1197,21
2015,1198,21
2015,1199,20
2015,1200,17
2015,1201,14
2015,1202,20
2015,1203,16
2015,1204,16
2015,1205,18
2015,1206,12
2015,1207,18
2015,1208,14
2015,1209,12
2015,1210,18
2015,1211,5
2015,1212,15
2015,1213,15
2015,1214,18
2015,1216,17
2015,1217,13
2015,1218,21
2015,1219,12
2015,1220,23
2015,1221,14
2015,1222,16
2015,1223,16
2015,1224,13
2015,1225,13
2015,1226,19
2015,1227,18
2015,1228,20
2015,1229,20
2015,1230,14
2015,1231,14
2015,1232,18
2015,1233,13
2015,1234,15
2015,1235,11
2015,1236,13
2015,1237,18
2015,1238,23
2015,1239,16
2015,1240,16
2015,1241,23
2015,1242,12
2015,1243,16
2015,1244,19
2015,1245,14
2015,1246,17
2015,1247,17
2015,1248,15
2015,1249,17
2015,1250,13
2015,1251,20
2015,1252,17
2015,1253,20
2015,1254,17
2015,1255,16
2015,1256,13
2015,1257,16
2015,1258,18
2015,1259,18
2015,1260,19
2015,1261,14
2015,1262,12
2015,1263,16
2015,1264,14
2015,1265,15
2015,1266,18
2015,1267,15
2015,1268,9
2015,1269,20
2015,1270,14
2015,1271,15
2015,1272,19
2015,1273,17
2015,1274,20
2015,1275,16
2015,1276,15
2015,1277,18
2015,1278,15
2015,1279,13
2015,1280,12
2015,1281,16
2015,1282,17
2015,1283,14
2015,1284,19
2015,1285,8
2015,1286,13
2015,1287,16
2015,1288,13
2015,1290,19
2015,1291,21
2015,1292,17
2015,1293,20
2015,1294,12
2015,1295,16
2015,1296,12
2015,1297,17
2015,1298,15
2015,1299,17
2015,1300,18
2015,1301,19
2015,1303,14
2015,1304,16
2015,1305,14
2015,1306,18
2015,1307,14
2015,1308,17
2015,1309,16
2015,1310,15
2015,1311,17
2015,1312,11
2015,1313,14
2015,1314,18
2015,1315,15
2015,1316,22
2015,1317,22
2015,1318,19
2015,1319,15
2015,1320,24
2015,1321,16
2015,1322,21
2015,1323,30
2015,1324,12
2015,1325,13
2015,1326,19
2015,1328,10
2015,1329,13
2015,1330,20
2015,1331,17
2015,1332,14
2015,1333,14
2015,1334,18
2015,1335,17
2015,1336,20
2015,1337,17
2015,1338,18
2015,1339,14
2015,1340,11
2015,1341,23
2015,1342,14
2015,1343,18
2015,1344,21
2015,1345,21
2015,1346,15
2015,1347,16
2015,1348,16
2015,1349,10
2015,1350,13
2015,1351,20
2015,1352,16
2015,1353,10
2015,1354,14
2015,1355,16
2015,1356,15
2015,1357,19
2015,1358,23
2015,1359,13
2015,1360,15
2015,1361,18
2015,1362,15
2015,1363,12
2015,1364,16
2015,1365,13
2015,1366,8
2015,1367,19
2015,1368,15
2015,1369,9
2015,1370,15
2015,1371,15
2015,1372,26
2015,1373,13
2015,1374,14
2015,1375,12
2015,1376,17
2015,1377,17
2015,1378,13
2015,1379,9
2015,1380,20
2015,1381,8
2015,1382,13
2015,1383,16
2015,1384,16
2015,1385,17
2015,1386,15
2015,1387,13
2015,1388,19
2015,1389,15
2015,1390,15
2015,1391,8
2015,1392,18
2015,1393,17
2015,1394,18
2015,1395,17
2015,1396,22
2015,1397,14
2015,1398,6
2015,1399,13
2015,1400,15
2015,1401,18
2015,1402,16
2015,1403,15
2015,1404,16
2015,1405,21
2015,1406,14
2015,1407,10
2015,1408,20
2015,1409,21
2015,1410,10
2015,1411,22
2015,1412,18
2015,1413,18
2015,1414,18
2015,1415,14
2015,1416,11
2015,1417,15
2015,1418,20
2015,1419,17
2015,1420,7
2015,1421,16
2015,1422,13
2015,1423,18
2015,1424,18
2015,1425,12
2015,1426,14
2015,1427,16
2015,1428,20
2015,1429,16
2015,1430,10
2015,1431,22
2015,1433,28
2015,1434,18
2015,1435,16
2015,1436,17
2015,1437,29
2015,1438,25
2015,1439,11
2015,1440,12
2015,1441,17
2015,1442,7
2015,1443,18
2015,1444,18
2015,1447,9
2015,1448,13
2015,1449,16
2015,1450,13
2015,1451,11
2015,1452,22
2015,1453,17
2015,1454,9
2015,1455,27
2015,1456,17
2015,1457,16
2015,1458,31
2015,1459,26
2015,1460,9
2015,1461,23
2015,1462,21
2015,1463,20
2015,1464,8
2016,1101,18
2016,1102,18
2016,1103,8
2016,1104,14
2016,1105,18
2016,1106,17
2016,1107,8
2016,1108,17
2016,1110,19
2016,1111,22
2016,1112,8
2016,1113,15
2016,1114,4
2016,1115,22
2016,1116,16
2016,1117,18
2016,1119,17
2016,1120,21
2016,1122,17
2016,1123,13
2016,1124,12
2016,1125,10
2016,1126,17
2016,1127,19
2016,1129,9
2016,1130,25
2016,1131,17
2016,1132,14
2016,1133,26
2016,1135,21
2016,1136,21
2016,1137,17
2016,1138,17
2016,1139,10
2016,1140,11
2016,1141,14
2016,1142,21
2016,1143,12
2016,1144,18
2016,1145,19
2016,1146,17
2016,1148,22
2016,1149,19
2016,1150,19
2016,1151,6
2016,1152,26
2016,1153,11
2016,1154,17
2016,1155,15
2016,1156,22
2016,1157,13
2016,1158,15
2016,1159,16
2016,1160,15
2016,1161,19
2016,1162,13
2016,1163,10
2016,1164,21
2016,1165,16
2016,1166,14
2016,1167,10
2016,1168,20
2016,1169,24
2016,1170,18
2016,1171,15
2016,1172,13
2016,1173,9
2016,1174,20
2016,1175,23
2016,1176,14
2016,1177,18
2016,1178,18
2016,1179,23
2016,1180,24
2016,1181,12
2016,1182,12
2016,1183,15
2016,1184,18
2016,1185,14
2016,1186,17
2016,1187,15
2016,1188,19
2016,1189,20
2016,1190,10
2016,1191,15
2016,1192,14
2016,1193,18
2016,1194,23
2016,1195,12
2016,1196,17
2016,1197,19
2016,1198,20
2016,1199,18
2016,1200,17
2016,1201,11
2016,1202,12
2016,1203,11
2016,1204,16
2016,1205,19
2016,1206,15
2016,1207,20
2016,1208,12
2016,1209,12
2016,1210,18
2016,1211,8
2016,1212,21
2016,1213,13
2016,1214,15
2016,1216,22
2016,1217,19
2016,1218,15
2016,1219,13
2016,1220,20
2016,1221,17
2016,1222,11
2016,1223,16
2016,1224,17
2016,1225,10
2016,1226,15
2016,1227,21
2016,1228,20
2016,1229,20
2016,1230,14
2016,1231,12
2016,1232,19
2016,1233,14
2016,1234,11
2016,1235,18
2016,1236,14
2016,1237,18
2016,1238,17
2016,1239,16
2016,1240,13
2016,1241,20
2016,1242,9
2016,1243,13
2016,1244,13
2016,1245,14
2016,1246,20
2016,1247,15
2016,1248,14
2016,1249,13
2016,1250,21
2016,1251,20
2016,1252,15
2016,1253,19
2016,1254,13
2016,1255,18
2016,1256,11
2016,1257,14
2016,1258,15
2016,1259,17
2016,1260,15
2016,1261,17
2016,1262,14
2016,1263,18
2016,1264,13
2016,1265,14
2016,1266,18
2016,1267,15
2016,1268,14
2016,1269,21
2016,1270,15
2016,1271,20
2016,1272,15
2016,1273,16
2016,1274,17
2016,1275,14
2016,1276,15
2016,1277,18
2016,1278,17
2016,1279,15
2016,1280,12
2016,1281,11
2016,1282,16
2016,1283,19
2016,1284,12
2016,1285,13
2016,1286,15
2016,1287,12
2016,1288,16
2016,1290,20
2016,1291,14
2016,1292,16
2016,1293,16
2016,1294,13
2016,1295,17
2016,1296,14
2016,1297,16
2016,1298,15
2016,1299,14
2016,1300,13
2016,1301,16
2016,1303,13
2016,1304,16
2016,1305,14
2016,1306,21
2016,1307,16
2016,1308,13
2016,1309,15
2016,1310,17
2016,1311,17
2016,1312,17
2016,1313,17
2016,1314,18
2016,1315,14
2016,1316,16
2016,1317,20
2016,1318,18
2016,1319,8
2016,1320,18
2016,1321,19
2016,1322,10
2016,1323,17
2016,1324,19
2016,1325,18
2016,1326,18
2016,1328,16
2016,1329,17
2016,1330,23
2016,1331,14
2016,1332,15
2016,1333,13
2016,1334,12
2016,1335,17
2016,1336,16
2016,1337,15
2016,1338,17
2016,1339,21
2016,1340,13
2016,1341,12
2016,1342,12
2016,1343,21
2016,1344,24
2016,1345,20
2016,1346,14
2016,1347,16
2016,1348,18
2016,1349,12
2016,1350,19
2016,1351,16
2016,1352,19
2016,1353,10
2016,1354,20
2016,1355,19
2016,1356,22
2016,1357,14
2016,1358,23
2016,1359,16
2016,1360,15
2016,1361,16
2016,1362,14
2016,1363,12
2016,1364,12
2016,1365,15
2016,1366,16
2016,1367,10
2016,1368,15
2016,1369,6
2016,1370,10
2016,1371,18
2016,1372,20
2016,1373,22
2016,1374,18
2016,1375,18
2016,1376,17
2016,1377,13
2016,1378,16
2016,1379,11
2016,1380,16
2016,1381,9
2016,1382,19
2016,1383,17
2016,1384,12
2016,1385,9
2016,1386,25
2016,1387,15
2016,1388,22
2016,1389,14
2016,1390,14
2016,1391,12
2016,1392,22
2016,1393,17
2016,1394,24
2016,1395,16
2016,1396,21
2016,1397,15
2016,1398,19
2016,1399,18
2016,1400,16
2016,1401,25
2016,1402,18
2016,1403,21
2016,1404,16
2016,1405,14
2016,1406,15
2016,1407,14
2016,1408,15
2016,1409,17
2016,1410,9
2016,1411,18
2016,1412,25
2016,1413,8
2016,1414,19
2016,1415,13
2016,1416,11
2016,1417,20
2016,1418,15
2016,1419,16
2016,1420,10
2016,1421,20
2016,1422,12
2016,1423,21
2016,1424,16
2016,1425,20
2016,1426,21
2016,1427,6
2016,1428,22
2016,1429,12
2016,1430,8
2016,1431,18
2016,1433,25
2016,1434,21
2016,1435,16
2016,1436,21
2016,1437,30
2016,1438,23
2016,1439,17
2016,1440,10
2016,1441,12
2016,1442,6
2016,1443,17
2016,1444,11
2016,1447,21
2016,1448,12
2016,1449,16
2016,1450,8
2016,1451,23
2016,1452,26
2016,1453,20
2016,1454,17
2016,1455,23
2016,1456,18
2016,1457,20
2016,1458,20
2016,1459,13
2016,1460,19
2016,1461,12
2016,1462,27
2016,1463,21
2016,1464,9
2017,1101,16
2017,1102,21
2017,1103,9
2017,1104,14
2017,1105,27
2017,1106,25
2017,1107,13
2017,1108,18
2017,1110,21
2017,1111,21
2017,1112,4
2017,1113,16
2017,1114,19
2017,1115,23
2017,1116,10
2017,1117,13
2017,1119,20
2017,1120,15
2017,1122,18
2017,1123,10
2017,1124,7
2017,1125,7
2017,1126,22
2017,1127,17
2017,1129,13
2017,1130,24
2017,1131,16
2017,1132,22
2017,1133,19
2017,1135,16
2017,1136,19
2017,1137,15
2017,1138,15
2017,1139,10
2017,1140,11
2017,1141,12
2017,1142,19
2017,1143,14
2017,1144,17
2017,1145,18
2017,1146,22
2017,1148,19
2017,1149,18
2017,1150,18
2017,1151,12
2017,1152,24
2017,1153,7
2017,1154,19
2017,1155,17
2017,1156,22
2017,1157,15
2017,1158,12
2017,1159,18
2017,1160,11
2017,1161,13
2017,1162,15
2017,1163,14
2017,1164,19
2017,1165,18
2017,1166,14
2017,1167,9
2017,1168,15
2017,1169,14
2017,1170,18
2017,1171,17
2017,1172,16
2017,1173,9
2017,1174,18
2017,1175,19
2017,1176,17
2017,1177,20
2017,1178,22
2017,1179,19
2017,1180,21
2017,1181,12
2017,1182,21
2017,1183,11
2017,1184,13
2017,1185,15
2017,1186,14
2017,1187,16
2017,1188,18
2017,1189,13
2017,1190,11
2017,1191,19
2017,1192,19
2017,1193,16
2017,1194,20
2017,1195,8
2017,1196,15
2017,1197,20
2017,1198,20
2017,1199,14
2017,1200,19
2017,1201,15
2017,1202,13
2017,1203,18
2017,1204,15
2017,1205,14
2017,1206,15
2017,1207,20
2017,1208,16
2017,1209,13
2017,1210,16
2017,1211,5
2017,1212,20
2017,1213,13
2017,1214,16
2017,1216,18
2017,1217,18
2017,1218,22
2017,1219,15
2017,1220,18
2017,1221,19
2017,1222,11
2017,1223,13
2017,1224,15
2017,1225,13
2017,1226,16
2017,1227,20
2017,1228,16
2017,1229,14
2017,1230,20
2017,1231,19
2017,1232,22
2017,1233,12
2017,1234,13
2017,1235,10
2017,1236,14
2017,1237,17
2017,1238,18
2017,1239,14
2017,1240,16
2017,1241,18
2017,1242,8
2017,1243,14
2017,1244,14
2017,1245,18
2017,1246,17
2017,1247,20
2017,1248,15
2017,1249,10
2017,1250,19
2017,1251,17
2017,1252,13
2017,1253,15
2017,1254,12
2017,1255,14
2017,1256,14
2017,1257,15
2017,1258,11
2017,1259,15
2017,1260,18
2017,1261,14
2017,1262,20
2017,1263,19
2017,1264,18
2017,1265,16
2017,1266,20
2017,1267,17
2017,1268,17
2017,1269,18
2017,1270,18
2017,1271,17
2017,1272,17
2017,1273,10
2017,1274,12
2017,1275,16
2017,1276,19
2017,1277,9
2017,1278,14
2017,1279,11
2017,1280,11
2017,1281,10
2017,1282,15
2017,1283,18
2017,1284,21
2017,1285,14
2017,1286,21
2017,1287,15
2017,1288,15
2017,1290,14
2017,1291,12
2017,1292,15
2017,1293,18
2017,1294,11
2017,1295,10
2017,1296,14
2017,1297,19
2017,1298,15
2017,1299,10
2017,1300,20
2017,1301,16
2017,1303,18
2017,1304,14
2017,1305,14
2017,1306,21
2017,1307,16
2017,1308,15
2017,1309,18
2017,1310,14
2017,1311,16
2017,1312,10
2017,1313,13
2017,1314,14
2017,1315,16
2017,1316,14
2017,1317,18
2017,1318,17
2017,1319,17
2017,1320,14
2017,1321,19
2017,1322,12
2017,1323,21
2017,1324,12
2017,1325,16
2017,1326,15
2017,1328,14
2017,1329,12
2017,1330,13
2017,1331,8
2017,1332,14
2017,1333,13
2017,1334,14
2017,1335,17
2017,1336,17
2017,1337,17
2017,1338,18
2017,1339,15
2017,1340,9
2017,1341,18
2017,1342,12
2017,1343,21
2017,1344,19
2017,1345,22
2017,1346,18
2017,1347,13
2017,1348,18
2017,1349,21
2017,1350,19
2017,1351,20
2017,1352,13
2017,1353,16
2017,1354,16
2017,1355,18
2017,1356,18
2017,1357,17
2017,1358,13
2017,1359,9
2017,1360,18
2017,1361,8
2017,1362,19
2017,1363,12
2017,1364,13
2017,1365,21
2017,1366,13
2017,1367,14
2017,1368,16
2017,1369,10
2017,1370,10
2017,1371,24
2017,1372,17
2017,1373,20
2017,1374,20
2017,1375,10
2017,1376,16
2017,1377,17
2017,1378,14
2017,1379,10
2017,1380,16
2017,1381,9
2017,1382,17
2017,1383,10
2017,1384,16
2017,1385,18
2017,1386,14
2017,1387,15
2017,1388,24
2017,1389,19
2017,1390,12
2017,1391,9
2017,1392,21
2017,1393,18
2017,1394,14
2017,1395,13
2017,1396,16
2017,1397,14
2017,1398,14
2017,1399,11
2017,1400,12
2017,1401,21
2017,1402,17
2017,1403,16
2017,1404,18
2017,1405,18
2017,1406,20
2017,1407,21
2017,1408,8
2017,1409,16
2017,1410,9
2017,1411,25
2017,1412,18
2017,1413,19
2017,1414,17
2017,1415,10
2017,1416,22
2017,1417,22
2017,1418,17
2017,1419,10
2017,1420,19
2017,1421,22
2017,1422,19
2017,1423,25
2017,1424,10
2017,1425,19
2017,1426,23
2017,1427,12
2017,1428,14
2017,1429,13
2017,1430,14
2017,1431,15
2017,1433,26
2017,1434,18
2017,1435,19
2017,1436,26
2017,1437,26
2017,1438,21
2017,1439,21
2017,1440,7
2017,1441,8
2017,1442,5
2017,1443,16
2017,1444,16
2017,1447,15
2017,1448,20
2017,1449,12
2017,1450,12
2017,1451,17
2017,1452,26
2017,1453,15
2017,1454,12
2017,1455,29
2017,1456,15
2017,1457,24
2017,1458,25
2017,1459,13
2017,1460,18
2017,1461,16
2017,1462,21
2017,1463,17
2017,1464,11
2018,1101,15
2018,1102,18
2018,1103,18
2018,1104,15
2018,1105,27
2018,1106,25
2018,1107,10
2018,1108,23
2018,1110,24
2018,1111,17
2018,1112,8
2018,1113,9
2018,1114,21
2018,1115,22
2018,1116,12
2018,1117,24
2018,1119,20
2018,1120,6
2018,1122,15
2018,1123,15
2018,1124,15
2018,1125,11
2018,1126,14
2018,1127,21
2018,1129,10
2018,1130,15
2018,1131,16
2018,1132,12
2018,1133,14
2018,1135,16
2018,1136,26
2018,1137,14
2018,1138,13
2018,1139,13
2018,1140,9
2018,1141,13
2018,1142,20
2018,1143,20
2018,1144,13
2018,1145,9
2018,1146,17
2018,1148,20
2018,1149,16
2018,1150,23
2018,1151,24
2018,1152,28
2018,1153,7
2018,1154,20
2018,1155,11
2018,1156,21
2018,1157,20
2018,1158,8
2018,1159,11
2018,1160,17
2018,1161,17
2018,1162,15
2018,1163,16
2018,1164,21
2018,1165,17
2018,1166,11
2018,1167,17
2018,1168,12
2018,1169,20
2018,1170,23
2018,1171,16
2018,1172,13
2018,1173,19
2018,1174,17
2018,1175,26
2018,1176,13
2018,1177,19
2018,1178,24
2018,1179,17
2018,1180,17
2018,1181,7
2018,1182,15
2018,1183,13
2018,1184,17
2018,1185,14
2018,1186,18
2018,1187,19
2018,1188,15
2018,1189,16
2018,1190,14
2018,1191,19
2018,1192,20
2018,1193,15
2018,1194,19
2018,1195,10
2018,1196,13
2018,1197,23
2018,1198,20
2018,1199,14
2018,1200,18
2018,1201,16
2018,1202,10
2018,1203,14
2018,1204,14
2018,1205,15
2018,1206,14
2018,1207,15
2018,1208,17
2018,1209,19
2018,1210,15
2018,1211,7
2018,1212,15
2018,1213,15
2018,1214,17
2018,1216,15
2018,1217,20
2018,1218,15
2018,1219,13
2018,1220,14
2018,1221,17
2018,1222,10
2018,1223,21
2018,1224,15
2018,1225,12
2018,1226,18
2018,1227,18
2018,1228,21
2018,1229,14
2018,1230,15
2018,1231,17
2018,1232,16
2018,1233,12
2018,1234,24
2018,1235,22
2018,1236,19
2018,1237,12
2018,1238,18
2018,1239,15
2018,1240,15
2018,1241,17
2018,1242,8
2018,1243,14
2018,1244,16
2018,1245,18
2018,1246,15
2018,1247,18
2018,1248,18
2018,1249,14
2018,1250,19
2018,1251,14
2018,1252,16
2018,1253,17
2018,1254,19
2018,1255,17
2018,1256,21
2018,1257,18
2018,1258,17
2018,1259,13
2018,1260,15
2018,1261,11
2018,1262,18
2018,1263,15
2018,1264,17
2018,1265,18
2018,1266,19
2018,1267,17
2018,1268,19
2018,1269,19
2018,1270,18
2018,1271,18
2018,1272,14
2018,1273,13
2018,1274,13
2018,1275,19
2018,1276,17
2018,1277,13
2018,1278,17
2018,1279,17
2018,1280,14
2018,1281,12
2018,1282,14
2018,1283,14
2018,1284,17
2018,1285,9
2018,1286,13
2018,1287,12
2018,1288,16
2018,1290,15
2018,1291,13
2018,1292,10
2018,1293,16
2018,1294,12
2018,1295,13
2018,1296,15
2018,1297,19
2018,1298,18
2018,1299,21
2018,1300,16
2018,1301,17
2018,1303,18
2018,1304,17
2018,1305,18
2018,1306,15
2018,1307,13
2018,1308,21
2018,1309,20
2018,1310,17
2018,1311,21
2018,1312,17
2018,1313,13
2018,1314,16
2018,1315,10
2018,1316,9
2018,1317,13
2018,1318,18
2018,1319,14
2018,1320,13
2018,1321,17
2018,1322,12
2018,1323,13
2018,1324,19
2018,1325,14
2018,1326,18
2018,1328,16
2018,1329,18
2018,1330,24
2018,1331,16
2018,1332,20
2018,1333,18
2018,1334,17
2018,1335,23
2018,1336,24
2018,1337,16
2018,1338,12
2018,1339,14
2018,1340,14
2018,1341,19
2018,1342,15
2018,1343,12
2018,1344,17
2018,1345,25
2018,1346,15
2018,1347,20
2018,1348,20
2018,1349,16
2018,1350,17
2018,1351,20
2018,1352,20
2018,1353,13
2018,1354,15
2018,1355,21
2018,1356,19
2018,1357,15
2018,1358,15
2018,1359,12
2018,1360,18
2018,1361,19
2018,1362,17
2018,1363,10
2018,1364,22
2018,1365,14
2018,1366,19
2018,1367,4
2018,1368,25
2018,1369,13
2018,1370,17
2018,1371,18
2018,1372,22
2018,1373,10
2018,1374,17
2018,1375,22
2018,1376,15
2018,1377,20
2018,1378,15
2018,1379,13
2018,1380,16
2018,1381,14
2018,1382,20
2018,1383,14
2018,1384,20
2018,1385,16
2018,1386,20
2018,1387,17
2018,1388,27
2018,1389,14
2018,1390,16
2018,1391,8
2018,1392,15
2018,1393,18
2018,1394,12
2018,1395,19
2018,1396,17
2018,1397,22
2018,1398,17
2018,1399,16
2018,1400,19
2018,1401,16
2018,1402,17
2018,1403,24
2018,1404,8
2018,1405,20
2018,1406,14
2018,1407,18
2018,1408,18
2018,1409,18
2018,1410,15
2018,1411,17
2018,1412,19
2018,1413,16
2018,1414,16
2018,1415,7
2018,1416,21
2018,1417,16
2018,1418,23
2018,1419,13
2018,1420,22
2018,1421,19
2018,1422,18
2018,1423,12
2018,1424,20
2018,1425,20
2018,1426,19
2018,1427,13
2018,1428,14
2018,1429,19
2018,1430,18
2018,1431,10
2018,1433,17
2018,1434,13
2018,1435,13
2018,1436,25
2018,1437,27
2018,1438,30
2018,1439,19
2018,1440,11
2018,1441,13
2018,1442,7
2018,1443,23
2018,1444,14
2018,1447,21
2018,1448,11
2018,1449,18
2018,1450,12
2018,1451,17
2018,1452,24
2018,1453,14
2018,1454,15
2018,1455,25
2018,1456,17
2018,1457,16
2018,1458,15
2018,1459,18
2018,1460,21
2018,1461,19
2018,1462,28
2018,1463,15
2018,1464,6
2019,1101,6
2019,1102,18
2019,1103,16
2019,1104,15
2019,1105,27
2019,1106,20
2019,1107,20
2019,1108,21
2019,1110,15
2019,1111,20
2019,1112,14
2019,1113,12
2019,1114,20
2019,1115,24
2019,1116,16
2019,1117,21
2019,1119,18
2019,1120,13
2019,1122,11
2019,1123,18
2019,1124,15
2019,1125,7
2019,1126,17
2019,1127,20
2019,1129,21
2019,1130,17
2019,1131,14
2019,1132,14
2019,1133,15
2019,1135,12
2019,1136,19
2019,1137,14
2019,1138,8
2019,1139,17
2019,1140,14
2019,1141,7
2019,1142,23
2019,1143,20
2019,1144,12
2019,1145,15
2019,1146,19
2019,1148,19
2019,1149,14
2019,1150,21
2019,1151,21
2019,1152,26
2019,1153,7
2019,1154,17
2019,1155,17
2019,1156,22
2019,1157,19
2019,1158,11
2019,1159,15
2019,1160,16
2019,1161,20
2019,1162,18
2019,1163,14
2019,1164,25
2019,1165,14
2019,1166,16
2019,1167,17
2019,1168,18
2019,1169,20
2019,1170,18
2019,1171,16
2019,1172,12
2019,1173,13
2019,1174,16
2019,1175,24
2019,1176,20
2019,1177,13
2019,1178,20
2019,1179,11
2019,1180,17
2019,1181,9
2019,1182,10
2019,1183,18
2019,1184,15
2019,1185,12
2019,1186,18
2019,1187,21
2019,1188,15
2019,1189,14
2019,1190,14
2019,1191,18
2019,1192,16
2019,1193,20
2019,1194,12
2019,1195,15
2019,1196,18
2019,1197,18
2019,1198,16
2019,1199,9
2019,1200,18
2019,1201,13
2019,1202,13
2019,1203,21
2019,1204,15
2019,1205,8
2019,1206,14
2019,1207,15
2019,1208,15
2019,1209,16
2019,1210,15
2019,1211,10
2019,1212,19
2019,1213,20
2019,1214,12
2019,1216,18
2019,1217,12
2019,1218,16
2019,1219,17
2019,1220,17
2019,1221,12
2019,1222,11
2019,1223,18
2019,1224,12
2019,1225,25
2019,1226,19
2019,1227,18
2019,1228,20
2019,1229,21
2019,1230,16
2019,1231,18
2019,1232,16
2019,1233,17
2019,1234,18
2019,1235,12
2019,1236,18
2019,1237,18
2019,1238,23
2019,1239,17
2019,1240,15
2019,1241,16
2019,1242,10
2019,1243,13
2019,1244,14
2019,1245,9
2019,1246,12
2019,1247,19
2019,1248,15
2019,1249,10
2019,1250,15
2019,1251,14
2019,1252,8
2019,1253,18
2019,1254,23
2019,1255,10
2019,1256,11
2019,1257,14
2019,1258,13
2019,1259,16
2019,1260,15
2019,1261,14
2019,1262,15
2019,1263,19
2019,1264,16
2019,1265,16
2019,1266,16
2019,1267,21
2019,1268,16
2019,1269,11
2019,1270,19
2019,1271,18
2019,1272,13
2019,1273,9
2019,1274,22
2019,1275,18
2019,1276,16
2019,1277,9
2019,1278,9
2019,1279,12
2019,1280,18
2019,1281,11
2019,1282,19
2019,1283,18
2019,1284,15
2019,1285,16
2019,1286,15
2019,1287,14
2019,1288,16
2019,1290,16
2019,1291,12
2019,1292,16
2019,1293,16
2019,1294,18
2019,1295,10
2019,1296,12
2019,1297,15
2019,1298,13
2019,1299,17
2019,1300,13
2019,1301,18
2019,1303,16
2019,1304,18
2019,1305,20
2019,1306,12
2019,1307,21
2019,1308,18
2019,1309,16
2019,1310,17
2019,1311,10
2019,1312,16
2019,1313,19
2019,1314,18
2019,1315,11
2019,1316,10
2019,1317,17
2019,1318,19
2019,1319,19
2019,1320,20
2019,1321,17
2019,1322,15
2019,1323,22
2019,1324,19
2019,1325,15
2019,1326,18
2019,1328,13
2019,1329,12
2019,1330,18
2019,1331,13
2019,1332,17
2019,1333,14
2019,1334,14
2019,1335,17
2019,1336,15
2019,1337,15
2019,1338,16
2019,1339,15
2019,1340,15
2019,1341,22
2019,1342,11
2019,1343,19
2019,1344,16
2019,1345,22
2019,1346,16
2019,1347,14
2019,1348,15
2019,1349,15
2019,1350,15
2019,1351,18
2019,1352,12
2019,1353,17
2019,1354,12
2019,1355,18
2019,1356,17
2019,1357,16
2019,1358,14
2019,1359,19
2019,1360,18
2019,1361,13
2019,1362,18
2019,1363,14
2019,1364,22
2019,1365,17
2019,1366,13
2019,1367,8
2019,1368,16
2019,1369,10
2019,1370,22
2019,1371,21
2019,1372,11
2019,1373,18
2019,1374,16
2019,1375,14
2019,1376,18
2019,1377,11
2019,1378,19
2019,1379,16
2019,1380,10
2019,1381,14
2019,1382,19
2019,1383,13
2019,1384,18
2019,1385,21
2019,1386,18
2019,1387,22
2019,1388,24
2019,1389,10
2019,1390,17
2019,1391,6
2019,1392,25
2019,1393,21
2019,1394,15
2019,1395,19
2019,1396,23
2019,1397,21
2019,1398,9
2019,1399,7
2019,1400,15
2019,1401,14
2019,1402,21
2019,1403,23
2019,1404,10
2019,1405,20
2019,1406,11
2019,1407,10
2019,1408,10
2019,1409,20
2019,1410,19
2019,1411,19
2019,1412,15
2019,1413,13
2019,1414,25
2019,1415,12
2019,1416,23
2019,1417,19
2019,1418,16
2019,1419,18
2019,1420,17
2019,1421,7
2019,1422,23
2019,1423,9
2019,1424,17
2019,1425,20
2019,1426,16
2019,1427,12
2019,1428,17
2019,1429,23
2019,1430,19
2019,1431,6
2019,1433,25
2019,1434,16
2019,1435,8
2019,1436,25
2019,1437,24
2019,1438,24
2019,1439,21
2019,1440,7
2019,1441,10
2019,1442,8
2019,1443,19
2019,1444,7
2019,1447,11
2019,1448,11
2019,1449,24
2019,1450,11
2019,1451,16
2019,1452,13
2019,1453,14
2019,1454,12
2019,1455,19
2019,1456,13
2019,1457,15
2019,1458,22
2019,1459,26
2019,1460,17
2019,1461,7
2019,1462,18
2019,1463,21
2019,1464,10
2019,1465,12
2019,1466,7
2020,1101,11
2020,1102,20
2020,1103,7
2020,1104,15
2020,1105,22
2020,1106,26
2020,1107,18
2020,1108,17
2020,1110,13
2020,1111,15
2020,1112,11
2020,1113,11
2020,1114,13
2020,1115,22
2020,1116,13
2020,1117,12
2020,1119,12
2020,1120,7
2020,1122,12
2020,1123,12
2020,1124,5
2020,1125,6
2020,1126,14
2020,1127,18
2020,1129,13
2020,1130,19
2020,1131,14
2020,1132,12
2020,1133,11
2020,1135,12
2020,1136,16
2020,1137,19
2020,1138,11
2020,1139,8
2020,1140,7
2020,1141,16
2020,1142,23
2020,1143,15
2020,1144,16
2020,1145,18
2020,1146,17
2020,1148,25
2020,1149,18
2020,1150,12
2020,1151,14
2020,1152,24
2020,1153,10
2020,1154,21
2020,1155,17
2020,1156,20
2020,1157,12
2020,1158,14
2020,1159,14
2020,1160,13
2020,1161,11
2020,1162,21
2020,1163,13
2020,1164,19
2020,1165,18
2020,1166,9
2020,1167,22
2020,1168,19
2020,1169,14
2020,1170,15
2020,1171,18
2020,1172,13
2020,1173,3
2020,1174,11
2020,1175,21
2020,1176,23
2020,1177,18
2020,1178,20
2020,1179,12
2020,1180,19
2020,1181,11
2020,1182,11
2020,1183,13
2020,1184,14
2020,1185,15
2020,1186,10
2020,1187,18
2020,1188,20
2020,1189,18
2020,1190,12
2020,1191,19
2020,1192,19
2020,1193,20
2020,1194,14
2020,1195,21
2020,1196,12
2020,1197,17
2020,1198,18
2020,1199,8
2020,1200,18
2020,1201,16
2020,1202,11
2020,1203,19
2020,1204,11
2020,1205,17
2020,1206,12
2020,1207,18
2020,1208,16
2020,1209,13
2020,1210,15
2020,1211,8
2020,1212,18
2020,1213,19
2020,1214,18
2020,1216,20
2020,1217,13
2020,1218,15
2020,1219,18
2020,1220,15
2020,1221,12
2020,1222,10
2020,1223,22
2020,1224,17
2020,1225,24
2020,1226,21
2020,1227,14
2020,1228,13
2020,1229,21
2020,1230,16
2020,1231,12
2020,1232,13
2020,1233,20
2020,1234,12
2020,1235,16
2020,1236,21
2020,1237,14
2020,1238,21
2020,1239,15
2020,1240,15
2020,1241,12
2020,1242,8
2020,1243,18
2020,1244,18
2020,1245,18
2020,1246,14
2020,1247,18
2020,1248,16
2020,1249,16
2020,1250,14
2020,1251,13
2020,1252,14
2020,1253,17
2020,1254,27
2020,1255,19
2020,1256,11
2020,1257,9
2020,1258,16
2020,1259,16
2020,1260,15
2020,1261,10
2020,1262,17
2020,1263,20
2020,1264,20
2020,1265,15
2020,1266,18
2020,1267,16
2020,1268,17
2020,1269,19
2020,1270,17
2020,1271,19
2020,1272,15
2020,1273,13
2020,1274,12
2020,1275,18
2020,1276,16
2020,1277,13
2020,1278,11
2020,1279,10
2020,1280,15
2020,1281,16
2020,1282,11
2020,1283,19
2020,1284,21
2020,1285,20
2020,1286,14
2020,1287,12
2020,1288,19
2020,1290,16
2020,1291,20
2020,1292,16
2020,1293,12
2020,1294,19
2020,1295,15
2020,1296,17
2020,1297,18
2020,1298,14
2020,1299,18
2020,1300,15
2020,1301,13
2020,1303,14
2020,1304,13
2020,1305,16
2020,1306,18
2020,1307,15
2020,1308,14
2020,1309,13
2020,1310,15
2020,1311,13
2020,1312,13
2020,1313,15
2020,1314,16
2020,1315,16
2020,1316,15
2020,1317,16
2020,1318,19
2020,1319,11
2020,1320,19
2020,1321,15
2020,1322,22
2020,1323,15
2020,1324,15
2020,1325,17
2020,1326,19
2020,1328,12
2020,1329,15
2020,1330,14
2020,1331,15
2020,1332,17
2020,1333,15
2020,1334,16
2020,1335,17
2020,1336,17
2020,1337,14
2020,1338,19
2020,1339,12
2020,1340,16
2020,1341,20
2020,1342,16
2020,1343,16
2020,1344,15
2020,1345,16
2020,1346,20
2020,1347,17
2020,1348,18
2020,1349,16
2020,1350,21
2020,1351,19
2020,1352,16
2020,1353,18
2020,1354,11
2020,1355,16
2020,1356,16
2020,1357,22
2020,1358,16
2020,1359,12
2020,1360,16
2020,1361,22
2020,1362,20
2020,1363,15
2020,1364,15
2020,1365,17
2020,1367,15
2020,1368,8
2020,1369,10
2020,1370,15
2020,1371,15
2020,1372,24
2020,1373,21
2020,1374,19
2020,1375,10
2020,1376,15
2020,1377,16
2020,1378,15
2020,1379,11
2020,1380,18
2020,1381,17
2020,1382,19
2020,1383,15
2020,1384,18
2020,1385,19
2020,1386,11
2020,1387,19
2020,1388,24
2020,1389,19
2020,1390,14
2020,1391,13
2020,1392,18
2020,1393,17
2020,1394,13
2020,1395,15
2020,1396,14
2020,1397,14
2020,1398,16
2020,1399,10
2020,1400,16
2020,1401,12
2020,1402,16
2020,1403,17
2020,1404,8
2020,1405,15
2020,1406,15
2020,1407,12
2020,1408,14
2020,1409,21
2020,1410,10
2020,1411,16
2020,1412,14
2020,1413,18
2020,1414,18
2020,1415,16
2020,1416,17
2020,1417,15
2020,1418,13
2020,1419,9
2020,1420,13
2020,1421,16
2020,1422,16
2020,1423,8
2020,1424,16
2020,1425,20
2020,1426,12
2020,1427,12
2020,1428,13
2020,1429,20
2020,1430,10
2020,1431,15
2020,1433,19
2020,1434,18
2020,1435,11
2020,1436,27
2020,1437,22
2020,1438,20
2020,1439,14
2020,1440,8
2020,1441,16
2020,1442,3
2020,1443,20
2020,1444,10
2020,1447,8
2020,1448,12
2020,1449,17
2020,1450,16
2020,1451,10
2020,1452,19
2020,1453,17
2020,1454,14
2020,1455,23
2020,1456,19
2020,1457,22
2020,1458,21
2020,1459,17
2020,1460,23
2020,1461,8
2020,1462,19
2020,1463,21
2020,1464,16
2020,1465,17
2020,1466,11
2020,1467,19
2021,1101,4
2021,1102,20
2021,1103,8
2021,1104,6
2021,1105,9
2021,1106,14
2021,1107,9
2021,1108,16
2021,1110,6
2021,1111,11
2021,1112,9
2021,1113,12
2021,1114,14
2021,1115,19
2021,1116,7
2021,1117,14
2021,1119,10
2021,1120,11
2021,1122,12
2021,1123,11
2021,1124,5
2021,1125,5
2021,1127,14
2021,1129,10
2021,1130,16
2021,1131,9
2021,1132,11
2021,1133,16
2021,1136,6
2021,1137,5
2021,1138,9
2021,1139,15
2021,1140,5
2021,1141,10
2021,1142,20
2021,1143,17
2021,1144,10
2021,1145,6
2021,1146,16
2021,1148,13
2021,1149,16
2021,1150,14
2021,1151,8
2021,1152,9
2021,1153,11
2021,1154,12
2021,1155,8
2021,1156,7
2021,1157,6
2021,1158,10
2021,1159,9
2021,1160,10
2021,1161,8
2021,1163,10
2021,1164,13
2021,1166,12
2021,1167,12
2021,1168,9
2021,1169,11
2021,1170,12
2021,1172,7
2021,1173,10
2021,1174,8
2021,1175,11
2021,1176,19
2021,1177,7
2021,1178,10
2021,1179,6
2021,1180,7
2021,1181,15
2021,1182,7
2021,1183,16
2021,1184,11
2021,1185,7
2021,1186,8
2021,1187,11
2021,1188,11
2021,1189,7
2021,1190,8
2021,1191,12
2021,1192,16
2021,1193,16
2021,1194,10
2021,1195,8
2021,1196,10
2021,1197,12
2021,1198,15
2021,1199,8
2021,1200,10
2021,1201,11
2021,1202,11
2021,1203,12
2021,1204,8
2021,1205,14
2021,1206,8
2021,1207,13
2021,1208,9
2021,1209,9
2021,1210,10
2021,1211,4
2021,1212,17
2021,1213,5
2021,1214,15
2021,1216,14
2021,1218,10
2021,1219,13
2021,1220,11
2021,1221,7
2021,1222,6
2021,1223,16
2021,1224,2
2021,1225,16
2021,1226,13
2021,1227,13
2021,1228,7
2021,1229,18
2021,1230,9
2021,1231,13
2021,1232,16
2021,1233,8
2021,1234,3
2021,1235,20
2021,1236,12
2021,1237,10
2021,1238,13
2021,1239,11
2021,1240,7
2021,1241,10
2021,1242,10
2021,1243,15
2021,1244,16
2021,1245,11
2021,1246,10
2021,1247,16
2021,1248,5
2021,1249,14
2021,1250,6
2021,1251,11
2021,1252,11
2021,1253,13
2021,1254,7
2021,1255,20
2021,1256,10
2021,1257,10
2021,1258,9
2021,1259,8
2021,1260,14
2021,1261,8
2021,1262,12
2021,1263,4
2021,1264,13
2021,1265,13
2021,1266,16
2021,1267,13
2021,1268,12
2021,1269,8
2021,1270,13
2021,1272,10
2021,1273,14
2021,1274,14
2021,1275,9
2021,1276,10
2021,1277,14
2021,1278,14
2021,1279,8
2021,1280,10
2021,1281,9
2021,1282,13
2021,1283,9
2021,1284,10
2021,1285,11
2021,1286,8
2021,1287,12
2021,1288,16
2021,1290,11
2021,1291,13
2021,1292,13
2021,1293,7
2021,1294,12
2021,1295,13
2021,1296,7
2021,1297,10
2021,1298,15
2021,1299,10
2021,1300,3
2021,1301,11
2021,1303,13
2021,1304,11
2021,1305,17
2021,1306,10
2021,1307,8
2021,1308,4
2021,1309,15
2021,1310,12
2021,1311,15
2021,1312,7
2021,1313,16
2021,1314,12
2021,1315,13
2021,1316,8
2021,1317,11
2021,1318,12
2021,1319,11
2021,1320,12
2021,1321,15
2021,1322,16
2021,1323,14
2021,1324,15
2021,1325,14
2021,1326,16
2021,1328,14
2021,1329,16
2021,1330,14
2021,1331,12
2021,1332,13
2021,1333,13
2021,1334,5
2021,1336,11
2021,1337,8
2021,1338,9
2021,1339,8
2021,1340,9
2021,1341,16
2021,1342,7
2021,1344,14
2021,1345,17
2021,1346,7
2021,1347,15
2021,1348,9
2021,1349,13
2021,1350,14
2021,1351,11
2021,1352,6
2021,1353,14
2021,1354,2
2021,1355,15
2021,1356,10
2021,1357,9
2021,1358,15
2021,1359,7
2021,1360,7
2021,1361,14
2021,1362,9
2021,1363,9
2021,1364,16
2021,1365,10
2021,1367,9
2021,1368,8
2021,1369,11
2021,1370,10
2021,1371,13
2021,1372,12
2021,1373,12
2021,1374,6
2021,1375,10
2021,1376,6
2021,1377,10
2021,1378,11
2021,1379,10
2021,1380,10
2021,1381,13
2021,1382,14
2021,1383,12
2021,1384,12
2021,1385,13
2021,1386,8
2021,1387,15
2021,1388,12
2021,1389,13
2021,1390,13
2021,1391,10
2021,1392,12
2021,1393,17
2021,1394,7
2021,1395,15
2021,1396,5
2021,1397,14
2021,1398,2
2021,1399,9
2021,1400,19
2021,1401,6
2021,1402,13
2021,1403,18
2021,1404,8
2021,1405,19
2021,1406,5
2021,1407,7
2021,1408,12
2021,1409,12
2021,1410,7
2021,1411,15
2021,1412,19
2021,1413,9
2021,1414,13
2021,1415,13
2021,1416,13
2021,1417,15
2021,1418,14
2021,1419,11
2021,1420,14
2021,1421,12
2021,1422,22
2021,1423,8
2021,1424,12
2021,1425,16
2021,1426,10
2021,1427,12
2021,1428,9
2021,1429,19
2021,1430,9
2021,1431,9
2021,1433,19
2021,1434,9
2021,1435,9
2021,1436,10
2021,1437,17
2021,1438,17
2021,1439,12
2021,1440,10
2021,1441,11
2021,1442,6
2021,1443,21
2021,1444,5
2021,1447,11
2021,1448,5
2021,1449,5
2021,1450,14
2021,1451,13
2021,1452,18
2021,1453,13
2021,1454,11
2021,1455,14
2021,1456,7
2021,1457,23
2021,1458,17
2021,1459,13
2021,1460,18
2021,1461,14
2021,1462,13
2021,1464,11
2021,1465,7
2021,1466,11
2021,1467,9
2021,1468,11
2021,1469,6
2021,1470,5
2021,1471,4
2022,1101,10
2022,1102,18
2022,1103,9
2022,1104,13
2022,1105,18
2022,1106,21
2022,1107,18
2022,1108,19
2022,1110,22
2022,1111,15
2022,1112,3
2022,1113,15
2022,1114,17
2022,1115,22
2022,1116,8
2022,1117,13
2022,1119,15
2022,1120,6
2022,1122,17
2022,1123,15
2022,1124,8
2022,1125,9
2022,1126,15
2022,1127,17
2022,1129,9
2022,1130,19
2022,1131,15
2022,1132,14
2022,1133,14
2022,1135,17
2022,1136,9
2022,1137,21
2022,1138,13
2022,1139,19
2022,1140,10
2022,1141,22
2022,1142,21
2022,1143,18
2022,1144,13
2022,1145,22
2022,1146,16
2022,1148,20
2022,1149,24
2022,1150,14
2022,1151,6
2022,1152,23
2022,1153,16
2022,1154,15
2022,1155,18
2022,1156,10
2022,1157,13
2022,1158,16
2022,1159,18
2022,1160,12
2022,1161,12
2022,1162,18
2022,1163,14
2022,1164,20
2022,1165,17
2022,1166,14
2022,1167,20
2022,1168,13
2022,1169,21
2022,1170,18
2022,1171,15
2022,1172,8
2022,1173,12
2022,1174,12
2022,1175,22
2022,1176,19
2022,1177,12
2022,1178,16
2022,1179,6
2022,1180,14
2022,1181,13
2022,1182,19
2022,1183,18
2022,1184,18
2022,1185,15
2022,1186,15
2022,1187,13
2022,1188,16
2022,1189,14
2022,1190,13
2022,1191,18
2022,1192,19
2022,1193,21
2022,1194,16
2022,1195,13
2022,1196,13
2022,1197,16
2022,1198,15
2022,1199,13
2022,1200,16
2022,1201,12
2022,1202,12
2022,1203,15
2022,1204,12
2022,1205,14
2022,1206,15
2022,1207,17
2022,1208,19
2022,1209,14
2022,1210,26
2022,1211,5
2022,1212,17
2022,1213,11
2022,1214,18
2022,1216,16
2022,1217,17
2022,1218,17
2022,1219,15
2022,1220,20
2022,1221,11
2022,1222,12
2022,1223,17
2022,1224,10
2022,1225,18
2022,1226,19
2022,1227,13
2022,1228,8
2022,1229,19
2022,1230,21
2022,1231,14
2022,1232,17
2022,1233,15
2022,1234,10
2022,1235,16
2022,1236,13
2022,1237,17
2022,1238,13
2022,1239,13
2022,1240,17
2022,1241,11
2022,1242,9
2022,1243,13
2022,1244,15
2022,1245,19
2022,1246,13
2022,1247,20
2022,1248,15
2022,1249,23
2022,1250,21
2022,1251,15
2022,1252,12
2022,1253,18
2022,1254,14
2022,1255,13
2022,1256,11
2022,1257,20
2022,1258,13
2022,1259,15
2022,1260,18
2022,1261,14
2022,1262,15
2022,1263,13
2022,1264,20
2022,1265,16
2022,1266,13
2022,1267,14
2022,1268,16
2022,1269,17
2022,1270,20
2022,1271,15
2022,1272,12
2022,1273,15
2022,1274,17
2022,1275,12
2022,1276,13
2022,1277,17
2022,1278,12
2022,1279,19
2022,1280,13
2022,1281,13
2022,1282,10
2022,1283,18
2022,1284,16
2022,1285,16
2022,1286,14
2022,1287,17
2022,1288,12
2022,1290,12
2022,1291,13
2022,1292,17
2022,1293,17
2022,1294,17
2022,1295,12
2022,1296,9
2022,1297,13
2022,1298,19
2022,1299,13
2022,1300,15
2022,1301,20
2022,1303,17
2022,1304,12
2022,1305,16
2022,1306,15
2022,1307,17
2022,1308,14
2022,1309,18
2022,1310,19
2022,1311,20
2022,1312,18
2022,1313,18
2022,1314,24
2022,1315,16
2022,1316,11
2022,1317,10
2022,1318,10
2022,1319,16
2022,1320,18
2022,1321,21
2022,1322,16
2022,1323,20
2022,1324,15
2022,1325,19
2022,1326,19
2022,1328,19
2022,1329,14
2022,1330,17
2022,1331,14
2022,1332,7
2022,1333,18
2022,1334,17
2022,1335,20
2022,1336,14
2022,1337,18
2022,1338,16
2022,1339,17
2022,1340,14
2022,1341,14
2022,1342,14
2022,1343,20
2022,1344,17
2022,1345,26
2022,1346,15
2022,1347,12
2022,1348,18
2022,1349,15
2022,1350,24
2022,1351,14
2022,1352,8
2022,1353,18
2022,1354,11
2022,1355,20
2022,1356,13
2022,1357,13
2022,1358,16
2022,1359,16
2022,1360,20
2022,1361,15
2022,1362,20
2022,1363,16
2022,1364,16
2022,1365,21
2022,1367,18
2022,1368,19
2022,1369,14
2022,1370,15
2022,1371,17
2022,1372,16
2022,1373,15
2022,1374,13
2022,1375,14
2022,1376,13
2022,1377,10
2022,1378,15
2022,1379,10
2022,1380,11
2022,1381,17
2022,1382,18
2022,1383,13
2022,1384,12
2022,1385,17
2022,1386,14
2022,1387,22
2022,1388,20
2022,1389,20
2022,1390,15
2022,1391,7
2022,1392,19
2022,1393,20
2022,1394,17
2022,1395,19
2022,1396,16
2022,1397,22
2022,1398,10
2022,1399,11
2022,1400,19
2022,1401,24
2022,1402,15
2022,1403,23
2022,1404,8
2022,1405,21
2022,1406,22
2022,1407,18
2022,1408,12
2022,1409,13
2022,1410,12
2022,1411,19
2022,1412,20
2022,1413,9
2022,1414,11
2022,1415,12
2022,1416,17
2022,1417,16
2022,1418,13
2022,1419,8
2022,1420,20
2022,1421,14
2022,1422,12
2022,1423,19
2022,1424,19
2022,1425,19
2022,1426,10
2022,1427,10
2022,1428,16
2022,1429,18
2022,1430,16
2022,1431,17
2022,1433,21
2022,1434,10
2022,1435,16
2022,1436,26
2022,1437,24
2022,1438,20
2022,1439,24
2022,1440,15
2022,1441,13
2022,1442,14
2022,1443,17
2022,1444,6
2022,1447,20
2022,1448,22
2022,1449,19
2022,1450,17
2022,1451,17
2022,1452,14
2022,1453,11
2022,1454,12
2022,1455,14
2022,1456,4
2022,1457,20
2022,1458,24
2022,1459,17
2022,1460,20
2022,1461,24
2022,1462,18
2022,1463,18
2022,1464,15
2022,1465,14
2022,1466,7
2022,1467,13
2022,1468,16
2022,1469,10
2022,1470,11
2022,1471,11
2022,1472,7
2023,1101,17
2023,1102,18
2023,1103,11
2023,1104,5
2023,1105,18
2023,1106,23
2023,1107,23
2023,1108,15
2023,1110,16
2023,1111,16
2023,1112,6
2023,1113,12
2023,1114,21
2023,1115,14
2023,1116,11
2023,1117,20
2023,1119,16
2023,1120,10
2023,1122,23
2023,1123,12
2023,1124,11
2023,1125,11
2023,1126,19
2023,1127,20
2023,1129,10
2023,1130,17
2023,1131,16
2023,1132,18
2023,1133,6
2023,1135,13
2023,1136,14
2023,1137,22
2023,1138,16
2023,1139,18
2023,1140,14
2023,1141,19
2023,1142,25
2023,1143,25
2023,1144,19
2023,1145,19
2023,1146,23
2023,1148,20
2023,1149,20
2023,1150,16
2023,1151,16
2023,1152,18
2023,1153,12
2023,1154,21
2023,1155,11
2023,1156,14
2023,1157,17
2023,1158,6
2023,1159,15
2023,1160,14
2023,1161,14
2023,1162,19
2023,1163,13
2023,1164,22
2023,1165,15
2023,1166,12
2023,1167,22
2023,1168,17
2023,1169,22
2023,1170,17
2023,1171,12
2023,1172,14
2023,1173,14
2023,1174,14
2023,1175,21
2023,1176,16
2023,1177,17
2023,1178,16
2023,1179,11
2023,1180,19
2023,1181,10
2023,1182,14
2023,1183,19
2023,1184,15
2023,1185,19
2023,1186,13
2023,1187,19
2023,1188,13
2023,1189,20
2023,1190,23
2023,1191,23
2023,1192,15
2023,1193,19
2023,1194,9
2023,1195,15
2023,1196,11
2023,1197,18
2023,1198,16
2023,1199,18
2023,1200,10
2023,1201,18
2023,1202,14
2023,1203,16
2023,1204,20
2023,1205,16
2023,1206,13
2023,1207,21
2023,1208,16
2023,1209,15
2023,1210,19
2023,1211,8
2023,1212,19
2023,1213,15
2023,1214,19
2023,1216,17
2023,1217,16
2023,1218,16
2023,1219,14
2023,1220,16
2023,1221,20
2023,1222,7
2023,1223,19
2023,1224,17
2023,1225,18
2023,1226,18
2023,1227,16
2023,1228,15
2023,1229,23
2023,1230,20
2023,1231,15
2023,1232,19
2023,1233,10
2023,1234,17
2023,1235,14
2023,1236,12
2023,1237,15
2023,1238,20
2023,1239,16
2023,1240,17
2023,1241,18
2023,1242,11
2023,1243,14
2023,1244,14
2023,1245,14
2023,1246,14
2023,1247,14
2023,1248,20
2023,1249,22
2023,1250,16
2023,1251,16
2023,1252,16
2023,1253,21
2023,1254,19
2023,1255,17
2023,1256,16
2023,1257,19
2023,1258,13
2023,1259,14
2023,1260,18
2023,1261,16
2023,1262,15
2023,1263,19
2023,1264,16
2023,1265,19
2023,1266,20
2023,1267,19
2023,1268,15
2023,1269,14
2023,1270,19
2023,1271,14
2023,1272,12
2023,1273,15
2023,1274,11
2023,1275,10
2023,1276,12
2023,1277,13
2023,1278,15
2023,1279,18
2023,1280,14
2023,1281,15
2023,1282,15
2023,1283,19
2023,1284,17
2023,1285,14
2023,1286,14
2023,1287,14
2023,1288,14
2023,1290,12
2023,1291,17
2023,1292,17
2023,1293,16
2023,1294,11
2023,1295,12
2023,1296,17
2023,1297,18
2023,1298,15
2023,1299,17
2023,1300,14
2023,1301,19
2023,1303,15
2023,1304,17
2023,1305,15
2023,1306,13
2023,1307,13
2023,1308,15
2023,1309,17
2023,1310,13
2023,1311,14
2023,1312,13
2023,1313,17
2023,1314,18
2023,1315,20
2023,1316,13
2023,1317,17
2023,1318,15
2023,1319,18
2023,1320,13
2023,1321,20
2023,1322,19
2023,1323,15
2023,1324,14
2023,1325,17
2023,1326,18
2023,1328,19
2023,1329,16
2023,1330,16
2023,1331,17
2023,1332,16
2023,1333,16
2023,1334,13
2023,1335,22
2023,1336,28
2023,1337,13
2023,1338,19
2023,1339,12
2023,1340,15
2023,1341,14
2023,1342,13
2023,1343,19
2023,1344,19
2023,1345,26
2023,1346,14
2023,1347,19
2023,1348,13
2023,1349,12
2023,1350,21
2023,1351,15
2023,1352,12
2023,1353,18
2023,1354,11
2023,1355,15
2023,1356,21
2023,1357,21
2023,1358,8
2023,1359,12
2023,1360,14
2023,1361,14
2023,1362,20
2023,1363,15
2023,1364,21
2023,1365,24
2023,1367,13
2023,1368,14
2023,1369,17
2023,1370,15
2023,1371,17
2023,1372,13
2023,1373,16
2023,1374,14
2023,1375,19
2023,1376,16
2023,1377,10
2023,1378,15
2023,1379,15
2023,1380,18
2023,1381,13
2023,1382,11
2023,1383,16
2023,1384,13
2023,1385,19
2023,1386,19
2023,1387,22
2023,1388,23
2023,1389,13
2023,1390,19
2023,1391,14
2023,1392,15
2023,1393,19
2023,1394,19
2023,1395,18
2023,1396,15
2023,1397,21
2023,1398,12
2023,1399,12
2023,1400,20
2023,1401,23
2023,1402,22
2023,1403,16
2023,1404,17
2023,1405,22
2023,1406,19
2023,1407,15
2023,1408,17
2023,1409,10
2023,1410,15
2023,1411,13
2023,1412,21
2023,1413,21
2023,1414,19
2023,1415,18
2023,1416,15
2023,1417,22
2023,1418,21
2023,1419,8
2023,1420,19
2023,1421,23
2023,1422,13
2023,1423,21
2023,1424,17
2023,1425,18
2023,1426,12
2023,1427,13
2023,1428,13
2023,1429,21
2023,1430,18
2023,1431,15
2023,1433,26
2023,1434,8
2023,1435,19
2023,1436,22
2023,1437,17
2023,1438,24
2023,1439,19
2023,1440,6
2023,1441,12
2023,1442,14
2023,1443,14
2023,1444,6
2023,1447,13
2023,1448,18
2023,1449,17
2023,1450,17
2023,1451,20
2023,1452,20
2023,1453,11
2023,1454,20
2023,1455,16
2023,1456,11
2023,1457,13
2023,1458,17
2023,1459,14
2023,1460,18
2023,1461,7
2023,1462,25
2023,1463,19
2023,1464,21
2023,1465,13
2023,1466,16
2023,1467,15
2023,1468,12
2023,1469,12
2023,1470,13
2023,1471,8
2023,1472,17
2023,1473,10
2023,1474,15
2023,1475,13
2023,1476,13
2023,1477,12
